"count_id","date","location","shift_block","pass_id","time","count","route_minutes"
"2024-06-01_East Pier_C1_P1",2024-06-01,"East Pier","afternoon","C1P1",2024-06-01 14:30:00,8,31.5776810640364
"2024-06-01_East Pier_C1_P2",2024-06-01,"East Pier","afternoon","C1P2",2024-06-01 15:15:00,3,28.6065927057305
"2024-06-01_East Pier_C1_P3",2024-06-01,"East Pier","afternoon","C1P3",2024-06-01 16:00:00,7,23.2176474329435
"2024-06-01_East Pier_C1_P1",2024-06-01,"East Pier","morning","C1P1",2024-06-01 06:30:00,3,33.3667114915305
"2024-06-01_East Pier_C1_P2",2024-06-01,"East Pier","morning","C1P2",2024-06-01 07:15:00,6,36.5147335817286
"2024-06-01_East Pier_C1_P3",2024-06-01,"East Pier","morning","C1P3",2024-06-01 08:00:00,5,34.9278013909102
"2024-06-01_East Pier_C2_P1",2024-06-01,"East Pier","morning","C2P1",2024-06-01 08:30:00,9,22.6391640243834
"2024-06-01_East Pier_C2_P2",2024-06-01,"East Pier","morning","C2P2",2024-06-01 09:15:00,6,32.2868299441865
"2024-06-01_East Pier_C2_P3",2024-06-01,"East Pier","morning","C2P3",2024-06-01 10:00:00,7,25.1152755355723
"2024-06-01_North Ramp_C1_P1",2024-06-01,"North Ramp","morning","C1P1",2024-06-01 06:30:00,16,26.9618236171471
"2024-06-01_North Ramp_C1_P2",2024-06-01,"North Ramp","morning","C1P2",2024-06-01 07:15:00,10,26.0340219907869
"2024-06-01_North Ramp_C1_P3",2024-06-01,"North Ramp","morning","C1P3",2024-06-01 08:00:00,5,34.3515438333067
"2024-06-01_North Ramp_C2_P1",2024-06-01,"North Ramp","morning","C2P1",2024-06-01 08:30:00,15,27.1864313989277
"2024-06-01_North Ramp_C2_P2",2024-06-01,"North Ramp","morning","C2P2",2024-06-01 09:15:00,11,27.116044682424
"2024-06-01_South Ramp_C1_P1",2024-06-01,"South Ramp","afternoon","C1P1",2024-06-01 14:30:00,10,24.3531086225578
"2024-06-01_South Ramp_C1_P2",2024-06-01,"South Ramp","afternoon","C1P2",2024-06-01 15:15:00,9,27.2928182426028
"2024-06-01_South Ramp_C1_P3",2024-06-01,"South Ramp","afternoon","C1P3",2024-06-01 16:00:00,6,21.7792856496076
"2024-06-01_South Ramp_C2_P1",2024-06-01,"South Ramp","afternoon","C2P1",2024-06-01 16:30:00,6,30.5419632214603
"2024-06-01_South Ramp_C2_P2",2024-06-01,"South Ramp","afternoon","C2P2",2024-06-01 17:15:00,7,33.3136120191322
"2024-06-01_South Ramp_C2_P3",2024-06-01,"South Ramp","afternoon","C2P3",2024-06-01 18:00:00,10,22.5498560208571
"2024-06-01_South Ramp_C1_P1",2024-06-01,"South Ramp","morning","C1P1",2024-06-01 06:30:00,8,26.8745070138587
"2024-06-01_South Ramp_C1_P2",2024-06-01,"South Ramp","morning","C1P2",2024-06-01 07:15:00,8,32.429833598743
"2024-06-01_South Ramp_C1_P3",2024-06-01,"South Ramp","morning","C1P3",2024-06-01 08:00:00,6,31.3847312875199
"2024-06-02_East Pier_C1_P1",2024-06-02,"East Pier","afternoon","C1P1",2024-06-02 14:30:00,5,30.9277730998435
"2024-06-02_East Pier_C1_P2",2024-06-02,"East Pier","afternoon","C1P2",2024-06-02 15:15:00,3,25.278066439397
"2024-06-02_East Pier_C1_P1",2024-06-02,"East Pier","morning","C1P1",2024-06-02 06:30:00,2,31.4788126797707
"2024-06-02_East Pier_C1_P2",2024-06-02,"East Pier","morning","C1P2",2024-06-02 07:15:00,7,33.6826268627911
"2024-06-02_East Pier_C1_P3",2024-06-02,"East Pier","morning","C1P3",2024-06-02 08:00:00,4,29.3575154193501
"2024-06-02_North Ramp_C1_P1",2024-06-02,"North Ramp","afternoon","C1P1",2024-06-02 14:30:00,9,32.7830018097236
"2024-06-02_North Ramp_C1_P2",2024-06-02,"North Ramp","afternoon","C1P2",2024-06-02 15:15:00,19,26.854700292813
"2024-06-02_North Ramp_C1_P3",2024-06-02,"North Ramp","afternoon","C1P3",2024-06-02 16:00:00,12,21.7150453159475
"2024-06-02_North Ramp_C2_P1",2024-06-02,"North Ramp","afternoon","C2P1",2024-06-02 16:30:00,15,35.8549095416971
"2024-06-02_North Ramp_C2_P2",2024-06-02,"North Ramp","afternoon","C2P2",2024-06-02 17:15:00,11,36.3204235161722
"2024-06-02_North Ramp_C2_P3",2024-06-02,"North Ramp","afternoon","C2P3",2024-06-02 18:00:00,11,24.8558046891115
"2024-06-02_North Ramp_C1_P1",2024-06-02,"North Ramp","morning","C1P1",2024-06-02 06:30:00,14,25.5080722070129
"2024-06-02_North Ramp_C1_P2",2024-06-02,"North Ramp","morning","C1P2",2024-06-02 07:15:00,13,31.0564221993318
"2024-06-02_South Ramp_C1_P1",2024-06-02,"South Ramp","afternoon","C1P1",2024-06-02 14:30:00,3,25.799587316419
"2024-06-02_South Ramp_C1_P2",2024-06-02,"South Ramp","afternoon","C1P2",2024-06-02 15:15:00,11,20
"2024-06-02_South Ramp_C1_P3",2024-06-02,"South Ramp","afternoon","C1P3",2024-06-02 16:00:00,13,31.0120530496972
"2024-06-02_South Ramp_C2_P1",2024-06-02,"South Ramp","afternoon","C2P1",2024-06-02 16:30:00,12,31.1911001672044
"2024-06-02_South Ramp_C2_P2",2024-06-02,"South Ramp","afternoon","C2P2",2024-06-02 17:15:00,3,23.5480821044974
"2024-06-02_South Ramp_C2_P3",2024-06-02,"South Ramp","afternoon","C2P3",2024-06-02 18:00:00,12,34.5565797708256
"2024-06-02_South Ramp_C1_P1",2024-06-02,"South Ramp","morning","C1P1",2024-06-02 06:30:00,11,38.0498545703899
"2024-06-02_South Ramp_C1_P2",2024-06-02,"South Ramp","morning","C1P2",2024-06-02 07:15:00,14,30.5918027486931
"2024-06-02_South Ramp_C1_P3",2024-06-02,"South Ramp","morning","C1P3",2024-06-02 08:00:00,8,31.7450501590038
"2024-06-03_East Pier_C1_P1",2024-06-03,"East Pier","morning","C1P1",2024-06-03 06:30:00,7,35.1998254163606
"2024-06-03_East Pier_C1_P2",2024-06-03,"East Pier","morning","C1P2",2024-06-03 07:15:00,0,31.4230120152872
"2024-06-03_North Ramp_C1_P1",2024-06-03,"North Ramp","morning","C1P1",2024-06-03 06:30:00,4,27.4561036925233
"2024-06-03_North Ramp_C1_P2",2024-06-03,"North Ramp","morning","C1P2",2024-06-03 07:15:00,5,38.5725161617915
"2024-06-04_East Pier_C1_P1",2024-06-04,"East Pier","morning","C1P1",2024-06-04 06:30:00,6,24.4220730279351
"2024-06-04_East Pier_C1_P2",2024-06-04,"East Pier","morning","C1P2",2024-06-04 07:15:00,3,35.6430268814865
"2024-06-04_East Pier_C1_P3",2024-06-04,"East Pier","morning","C1P3",2024-06-04 08:00:00,4,22.2127309160174
"2024-06-04_East Pier_C2_P1",2024-06-04,"East Pier","morning","C2P1",2024-06-04 08:30:00,4,25.1341872070396
"2024-06-04_East Pier_C2_P2",2024-06-04,"East Pier","morning","C2P2",2024-06-04 09:15:00,5,29.6817547959729
"2024-06-04_North Ramp_C1_P1",2024-06-04,"North Ramp","morning","C1P1",2024-06-04 06:30:00,7,28.0040106714461
"2024-06-04_North Ramp_C1_P2",2024-06-04,"North Ramp","morning","C1P2",2024-06-04 07:15:00,8,23.4146020809378
"2024-06-04_South Ramp_C1_P1",2024-06-04,"South Ramp","morning","C1P1",2024-06-04 06:30:00,3,30.7801777095457
"2024-06-04_South Ramp_C1_P2",2024-06-04,"South Ramp","morning","C1P2",2024-06-04 07:15:00,8,31.4773192284379
"2024-06-04_South Ramp_C1_P3",2024-06-04,"South Ramp","morning","C1P3",2024-06-04 08:00:00,5,22.3172025786518
"2024-06-05_East Pier_C1_P1",2024-06-05,"East Pier","afternoon","C1P1",2024-06-05 14:30:00,2,33.7549428452454
"2024-06-05_East Pier_C1_P2",2024-06-05,"East Pier","afternoon","C1P2",2024-06-05 15:15:00,2,32.7818735027352
"2024-06-05_East Pier_C1_P3",2024-06-05,"East Pier","afternoon","C1P3",2024-06-05 16:00:00,2,27.9192418894228
"2024-06-05_East Pier_C1_P1",2024-06-05,"East Pier","morning","C1P1",2024-06-05 06:30:00,2,29.3378986185033
"2024-06-05_East Pier_C1_P2",2024-06-05,"East Pier","morning","C1P2",2024-06-05 07:15:00,3,30.754549660986
"2024-06-05_East Pier_C1_P3",2024-06-05,"East Pier","morning","C1P3",2024-06-05 08:00:00,6,25.9004394834091
"2024-06-05_South Ramp_C1_P1",2024-06-05,"South Ramp","afternoon","C1P1",2024-06-05 14:30:00,3,39.82716540894
"2024-06-05_South Ramp_C1_P2",2024-06-05,"South Ramp","afternoon","C1P2",2024-06-05 15:15:00,4,30.808529884592
"2024-06-05_South Ramp_C2_P1",2024-06-05,"South Ramp","afternoon","C2P1",2024-06-05 16:30:00,3,25.7977178913843
"2024-06-05_South Ramp_C2_P2",2024-06-05,"South Ramp","afternoon","C2P2",2024-06-05 17:15:00,4,32.3028352124454
"2024-06-05_South Ramp_C2_P3",2024-06-05,"South Ramp","afternoon","C2P3",2024-06-05 18:00:00,6,26.884271463434
"2024-06-06_East Pier_C1_P1",2024-06-06,"East Pier","afternoon","C1P1",2024-06-06 14:30:00,6,30.3790753898414
"2024-06-06_East Pier_C1_P2",2024-06-06,"East Pier","afternoon","C1P2",2024-06-06 15:15:00,2,26.2838471929925
"2024-06-06_East Pier_C1_P3",2024-06-06,"East Pier","afternoon","C1P3",2024-06-06 16:00:00,1,26.274267790368
"2024-06-06_East Pier_C2_P1",2024-06-06,"East Pier","afternoon","C2P1",2024-06-06 16:30:00,1,35.1963584369865
"2024-06-06_East Pier_C2_P2",2024-06-06,"East Pier","afternoon","C2P2",2024-06-06 17:15:00,4,28.1135249220214
"2024-06-06_North Ramp_C1_P1",2024-06-06,"North Ramp","morning","C1P1",2024-06-06 06:30:00,3,29.9888421361699
"2024-06-06_North Ramp_C1_P2",2024-06-06,"North Ramp","morning","C1P2",2024-06-06 07:15:00,5,32.5376601937815
"2024-06-06_North Ramp_C1_P3",2024-06-06,"North Ramp","morning","C1P3",2024-06-06 08:00:00,2,36.9080794784778
"2024-06-06_North Ramp_C2_P1",2024-06-06,"North Ramp","morning","C2P1",2024-06-06 08:30:00,8,28.1690260981249
"2024-06-06_North Ramp_C2_P2",2024-06-06,"North Ramp","morning","C2P2",2024-06-06 09:15:00,9,36.2033143131998
"2024-06-06_North Ramp_C2_P3",2024-06-06,"North Ramp","morning","C2P3",2024-06-06 10:00:00,4,20
"2024-06-06_South Ramp_C1_P1",2024-06-06,"South Ramp","afternoon","C1P1",2024-06-06 14:30:00,3,35.9378164921838
"2024-06-06_South Ramp_C1_P2",2024-06-06,"South Ramp","afternoon","C1P2",2024-06-06 15:15:00,7,28.5322023666464
"2024-06-06_South Ramp_C1_P3",2024-06-06,"South Ramp","afternoon","C1P3",2024-06-06 16:00:00,6,27.7552430516186
"2024-06-06_South Ramp_C2_P1",2024-06-06,"South Ramp","afternoon","C2P1",2024-06-06 16:30:00,3,37.9301306813983
"2024-06-06_South Ramp_C2_P2",2024-06-06,"South Ramp","afternoon","C2P2",2024-06-06 17:15:00,1,34.6142861136979
"2024-06-06_South Ramp_C2_P3",2024-06-06,"South Ramp","afternoon","C2P3",2024-06-06 18:00:00,7,32.1685120850225
"2024-06-07_East Pier_C1_P1",2024-06-07,"East Pier","afternoon","C1P1",2024-06-07 14:30:00,4,36.8579708728049
"2024-06-07_East Pier_C1_P2",2024-06-07,"East Pier","afternoon","C1P2",2024-06-07 15:15:00,4,30.6876779508862
"2024-06-07_South Ramp_C1_P1",2024-06-07,"South Ramp","afternoon","C1P1",2024-06-07 14:30:00,6,30.5656176988891
"2024-06-07_South Ramp_C1_P2",2024-06-07,"South Ramp","afternoon","C1P2",2024-06-07 15:15:00,3,24.9621942493815
"2024-06-07_South Ramp_C2_P1",2024-06-07,"South Ramp","afternoon","C2P1",2024-06-07 16:30:00,2,21.022268740368
"2024-06-07_South Ramp_C2_P2",2024-06-07,"South Ramp","afternoon","C2P2",2024-06-07 17:15:00,3,28.7831259377078
"2024-06-07_South Ramp_C2_P3",2024-06-07,"South Ramp","afternoon","C2P3",2024-06-07 18:00:00,4,29.7476729368049
"2024-06-08_East Pier_C1_P1",2024-06-08,"East Pier","morning","C1P1",2024-06-08 06:30:00,4,30.5585097760064
"2024-06-08_East Pier_C1_P2",2024-06-08,"East Pier","morning","C1P2",2024-06-08 07:15:00,5,27.1891146311752
"2024-06-08_East Pier_C1_P3",2024-06-08,"East Pier","morning","C1P3",2024-06-08 08:00:00,4,36.5512241723822
"2024-06-08_East Pier_C2_P1",2024-06-08,"East Pier","morning","C2P1",2024-06-08 08:30:00,6,30.6880891804044
"2024-06-08_East Pier_C2_P2",2024-06-08,"East Pier","morning","C2P2",2024-06-08 09:15:00,2,29.6010844302795
"2024-06-08_North Ramp_C1_P1",2024-06-08,"North Ramp","morning","C1P1",2024-06-08 06:30:00,11,32.601026125197
"2024-06-08_North Ramp_C1_P2",2024-06-08,"North Ramp","morning","C1P2",2024-06-08 07:15:00,10,27.0776466107937
"2024-06-08_North Ramp_C2_P1",2024-06-08,"North Ramp","morning","C2P1",2024-06-08 08:30:00,14,30.6762869950111
"2024-06-08_North Ramp_C2_P2",2024-06-08,"North Ramp","morning","C2P2",2024-06-08 09:15:00,17,36.1040948529407
"2024-06-08_South Ramp_C1_P1",2024-06-08,"South Ramp","morning","C1P1",2024-06-08 06:30:00,15,31.465167791569
"2024-06-08_South Ramp_C1_P2",2024-06-08,"South Ramp","morning","C1P2",2024-06-08 07:15:00,8,30.9408520246377
"2024-06-08_South Ramp_C1_P3",2024-06-08,"South Ramp","morning","C1P3",2024-06-08 08:00:00,17,30.0170912334135
"2024-06-09_East Pier_C1_P1",2024-06-09,"East Pier","afternoon","C1P1",2024-06-09 14:30:00,4,31.2028767214152
"2024-06-09_East Pier_C1_P2",2024-06-09,"East Pier","afternoon","C1P2",2024-06-09 15:15:00,5,29.2576744864718
"2024-06-09_East Pier_C2_P1",2024-06-09,"East Pier","afternoon","C2P1",2024-06-09 16:30:00,7,29.5063184380358
"2024-06-09_East Pier_C2_P2",2024-06-09,"East Pier","afternoon","C2P2",2024-06-09 17:15:00,6,34.0983056762457
"2024-06-09_East Pier_C1_P1",2024-06-09,"East Pier","morning","C1P1",2024-06-09 06:30:00,3,30.2026097392724
"2024-06-09_East Pier_C1_P2",2024-06-09,"East Pier","morning","C1P2",2024-06-09 07:15:00,8,32.1702564792068
"2024-06-09_North Ramp_C1_P1",2024-06-09,"North Ramp","afternoon","C1P1",2024-06-09 14:30:00,15,27.6180361067249
"2024-06-09_North Ramp_C1_P2",2024-06-09,"North Ramp","afternoon","C1P2",2024-06-09 15:15:00,12,27.2181536301888
"2024-06-09_North Ramp_C2_P1",2024-06-09,"North Ramp","afternoon","C2P1",2024-06-09 16:30:00,13,25.6134507260512
"2024-06-09_North Ramp_C2_P2",2024-06-09,"North Ramp","afternoon","C2P2",2024-06-09 17:15:00,7,21.4558668025147
"2024-06-09_North Ramp_C1_P1",2024-06-09,"North Ramp","morning","C1P1",2024-06-09 06:30:00,15,35.6174888372679
"2024-06-09_North Ramp_C1_P2",2024-06-09,"North Ramp","morning","C1P2",2024-06-09 07:15:00,21,20
"2024-06-09_North Ramp_C1_P3",2024-06-09,"North Ramp","morning","C1P3",2024-06-09 08:00:00,5,21.6248419548123
"2024-06-10_East Pier_C1_P1",2024-06-10,"East Pier","afternoon","C1P1",2024-06-10 14:30:00,1,35.888763619072
"2024-06-10_East Pier_C1_P2",2024-06-10,"East Pier","afternoon","C1P2",2024-06-10 15:15:00,1,31.320345404719
"2024-06-10_East Pier_C1_P3",2024-06-10,"East Pier","afternoon","C1P3",2024-06-10 16:00:00,3,20.6080804930651
"2024-06-10_North Ramp_C1_P1",2024-06-10,"North Ramp","morning","C1P1",2024-06-10 06:30:00,5,33.3658518214475
"2024-06-10_North Ramp_C1_P2",2024-06-10,"North Ramp","morning","C1P2",2024-06-10 07:15:00,8,32.0483148681182
"2024-06-10_South Ramp_C1_P1",2024-06-10,"South Ramp","morning","C1P1",2024-06-10 06:30:00,3,27.5965717335439
"2024-06-10_South Ramp_C1_P2",2024-06-10,"South Ramp","morning","C1P2",2024-06-10 07:15:00,2,29.5819507185532
"2024-06-10_South Ramp_C1_P3",2024-06-10,"South Ramp","morning","C1P3",2024-06-10 08:00:00,3,35.1006581833651
"2024-06-10_South Ramp_C2_P1",2024-06-10,"South Ramp","morning","C2P1",2024-06-10 08:30:00,2,32.2253091369194
"2024-06-10_South Ramp_C2_P2",2024-06-10,"South Ramp","morning","C2P2",2024-06-10 09:15:00,4,27.1712157435366
"2024-06-11_South Ramp_C1_P1",2024-06-11,"South Ramp","afternoon","C1P1",2024-06-11 14:30:00,2,34.8297670773834
"2024-06-11_South Ramp_C1_P2",2024-06-11,"South Ramp","afternoon","C1P2",2024-06-11 15:15:00,6,32.0215732004381
"2024-06-11_South Ramp_C1_P3",2024-06-11,"South Ramp","afternoon","C1P3",2024-06-11 16:00:00,4,36.0190156916836
"2024-06-11_South Ramp_C2_P1",2024-06-11,"South Ramp","afternoon","C2P1",2024-06-11 16:30:00,3,32.2422900162682
"2024-06-11_South Ramp_C2_P2",2024-06-11,"South Ramp","afternoon","C2P2",2024-06-11 17:15:00,5,23.8182607877292
"2024-06-12_East Pier_C1_P1",2024-06-12,"East Pier","afternoon","C1P1",2024-06-12 14:30:00,3,31.7802261331794
"2024-06-12_East Pier_C1_P2",2024-06-12,"East Pier","afternoon","C1P2",2024-06-12 15:15:00,6,22.4484409277372
"2024-06-12_East Pier_C2_P1",2024-06-12,"East Pier","afternoon","C2P1",2024-06-12 16:30:00,4,22.0403954070416
"2024-06-12_East Pier_C2_P2",2024-06-12,"East Pier","afternoon","C2P2",2024-06-12 17:15:00,3,37.4256736651329
"2024-06-12_North Ramp_C1_P1",2024-06-12,"North Ramp","morning","C1P1",2024-06-12 06:30:00,7,26.3906302694685
"2024-06-12_North Ramp_C1_P2",2024-06-12,"North Ramp","morning","C1P2",2024-06-12 07:15:00,4,32.1652447004413
"2024-06-12_North Ramp_C2_P1",2024-06-12,"North Ramp","morning","C2P1",2024-06-12 08:30:00,5,25.2207133506941
"2024-06-12_North Ramp_C2_P2",2024-06-12,"North Ramp","morning","C2P2",2024-06-12 09:15:00,7,29.6954522285107
"2024-06-12_South Ramp_C1_P1",2024-06-12,"South Ramp","afternoon","C1P1",2024-06-12 14:30:00,5,29.2260288751219
"2024-06-12_South Ramp_C1_P2",2024-06-12,"South Ramp","afternoon","C1P2",2024-06-12 15:15:00,5,30.1351506643313
"2024-06-13_East Pier_C1_P1",2024-06-13,"East Pier","morning","C1P1",2024-06-13 06:30:00,1,29.4982709806774
"2024-06-13_East Pier_C1_P2",2024-06-13,"East Pier","morning","C1P2",2024-06-13 07:15:00,2,20.4935075117224
"2024-06-13_East Pier_C1_P3",2024-06-13,"East Pier","morning","C1P3",2024-06-13 08:00:00,5,25.5636305931977
"2024-06-13_East Pier_C2_P1",2024-06-13,"East Pier","morning","C2P1",2024-06-13 08:30:00,6,32.5288710792691
"2024-06-13_East Pier_C2_P2",2024-06-13,"East Pier","morning","C2P2",2024-06-13 09:15:00,6,24.9589627589767
"2024-06-13_North Ramp_C1_P1",2024-06-13,"North Ramp","afternoon","C1P1",2024-06-13 14:30:00,7,27.3407421938291
"2024-06-13_North Ramp_C1_P2",2024-06-13,"North Ramp","afternoon","C1P2",2024-06-13 15:15:00,6,33.6450840825413
"2024-06-13_North Ramp_C1_P3",2024-06-13,"North Ramp","afternoon","C1P3",2024-06-13 16:00:00,8,35.9911520343286
"2024-06-13_North Ramp_C1_P1",2024-06-13,"North Ramp","morning","C1P1",2024-06-13 06:30:00,4,24.4149774277695
"2024-06-13_North Ramp_C1_P2",2024-06-13,"North Ramp","morning","C1P2",2024-06-13 07:15:00,6,25.3238601026199
"2024-06-13_South Ramp_C1_P1",2024-06-13,"South Ramp","afternoon","C1P1",2024-06-13 14:30:00,12,46.1596859953677
"2024-06-13_South Ramp_C1_P2",2024-06-13,"South Ramp","afternoon","C1P2",2024-06-13 15:15:00,8,33.0815726341068
"2024-06-13_South Ramp_C1_P3",2024-06-13,"South Ramp","afternoon","C1P3",2024-06-13 16:00:00,6,25.1003991047513
"2024-06-13_South Ramp_C2_P1",2024-06-13,"South Ramp","afternoon","C2P1",2024-06-13 16:30:00,8,26.6714012921396
"2024-06-13_South Ramp_C2_P2",2024-06-13,"South Ramp","afternoon","C2P2",2024-06-13 17:15:00,2,26.7662904212124
"2024-06-13_South Ramp_C1_P1",2024-06-13,"South Ramp","morning","C1P1",2024-06-13 06:30:00,3,29.8940222217983
"2024-06-13_South Ramp_C1_P2",2024-06-13,"South Ramp","morning","C1P2",2024-06-13 07:15:00,6,36.4729442805665
"2024-06-13_South Ramp_C2_P1",2024-06-13,"South Ramp","morning","C2P1",2024-06-13 08:30:00,6,28.8606900316532
"2024-06-13_South Ramp_C2_P2",2024-06-13,"South Ramp","morning","C2P2",2024-06-13 09:15:00,6,33.6395567191087
"2024-06-14_North Ramp_C1_P1",2024-06-14,"North Ramp","morning","C1P1",2024-06-14 06:30:00,7,28.7409575002249
"2024-06-14_North Ramp_C1_P2",2024-06-14,"North Ramp","morning","C1P2",2024-06-14 07:15:00,8,35.497469063503
"2024-06-14_North Ramp_C2_P1",2024-06-14,"North Ramp","morning","C2P1",2024-06-14 08:30:00,5,23.0638475581031
"2024-06-14_North Ramp_C2_P2",2024-06-14,"North Ramp","morning","C2P2",2024-06-14 09:15:00,5,31.7943701150142
"2024-06-14_South Ramp_C1_P1",2024-06-14,"South Ramp","afternoon","C1P1",2024-06-14 14:30:00,2,29.6192111402093
"2024-06-14_South Ramp_C1_P2",2024-06-14,"South Ramp","afternoon","C1P2",2024-06-14 15:15:00,7,24.9353410753347
"2024-06-14_South Ramp_C1_P1",2024-06-14,"South Ramp","morning","C1P1",2024-06-14 06:30:00,5,24.5613529679714
"2024-06-14_South Ramp_C1_P2",2024-06-14,"South Ramp","morning","C1P2",2024-06-14 07:15:00,6,25.1457526916122
"2024-06-14_South Ramp_C2_P1",2024-06-14,"South Ramp","morning","C2P1",2024-06-14 08:30:00,4,31.1984281120466
"2024-06-14_South Ramp_C2_P2",2024-06-14,"South Ramp","morning","C2P2",2024-06-14 09:15:00,5,26.0066430271872
"2024-06-14_South Ramp_C2_P3",2024-06-14,"South Ramp","morning","C2P3",2024-06-14 10:00:00,4,24.5336038447847
"2024-06-15_East Pier_C1_P1",2024-06-15,"East Pier","afternoon","C1P1",2024-06-15 14:30:00,7,33.872193236886
"2024-06-15_East Pier_C1_P2",2024-06-15,"East Pier","afternoon","C1P2",2024-06-15 15:15:00,4,37.9033566336802
"2024-06-15_East Pier_C1_P3",2024-06-15,"East Pier","afternoon","C1P3",2024-06-15 16:00:00,4,34.3825244419689
"2024-06-15_North Ramp_C1_P1",2024-06-15,"North Ramp","afternoon","C1P1",2024-06-15 14:30:00,14,34.9426357754154
"2024-06-15_North Ramp_C1_P2",2024-06-15,"North Ramp","afternoon","C1P2",2024-06-15 15:15:00,8,21.9292656607772
"2024-06-15_North Ramp_C1_P3",2024-06-15,"North Ramp","afternoon","C1P3",2024-06-15 16:00:00,10,33.4095939027294
"2024-06-15_North Ramp_C2_P1",2024-06-15,"North Ramp","afternoon","C2P1",2024-06-15 16:30:00,12,27.9855317933572
"2024-06-15_North Ramp_C2_P2",2024-06-15,"North Ramp","afternoon","C2P2",2024-06-15 17:15:00,8,27.5636438891921
"2024-06-15_South Ramp_C1_P1",2024-06-15,"South Ramp","morning","C1P1",2024-06-15 06:30:00,11,32.5906686014082
"2024-06-15_South Ramp_C1_P2",2024-06-15,"South Ramp","morning","C1P2",2024-06-15 07:15:00,9,28.6546387964363
"2024-06-15_South Ramp_C1_P3",2024-06-15,"South Ramp","morning","C1P3",2024-06-15 08:00:00,6,31.3969311269546
"2024-06-15_South Ramp_C2_P1",2024-06-15,"South Ramp","morning","C2P1",2024-06-15 08:30:00,8,25.0170751052212
"2024-06-15_South Ramp_C2_P2",2024-06-15,"South Ramp","morning","C2P2",2024-06-15 09:15:00,8,29.9916535089839
"2024-06-16_East Pier_C1_P1",2024-06-16,"East Pier","afternoon","C1P1",2024-06-16 14:30:00,8,24.0153953281219
"2024-06-16_East Pier_C1_P2",2024-06-16,"East Pier","afternoon","C1P2",2024-06-16 15:15:00,10,27.6123817761148
"2024-06-16_East Pier_C1_P3",2024-06-16,"East Pier","afternoon","C1P3",2024-06-16 16:00:00,7,34.0731509510417
"2024-06-16_East Pier_C2_P1",2024-06-16,"East Pier","afternoon","C2P1",2024-06-16 16:30:00,6,24.7759399391665
"2024-06-16_East Pier_C2_P2",2024-06-16,"East Pier","afternoon","C2P2",2024-06-16 17:15:00,6,25.2963546206829
"2024-06-16_East Pier_C2_P3",2024-06-16,"East Pier","afternoon","C2P3",2024-06-16 18:00:00,5,29.1407908458784
"2024-06-16_North Ramp_C1_P1",2024-06-16,"North Ramp","afternoon","C1P1",2024-06-16 14:30:00,14,20.2180543239642
"2024-06-16_North Ramp_C1_P2",2024-06-16,"North Ramp","afternoon","C1P2",2024-06-16 15:15:00,12,27.5710706238258
"2024-06-16_North Ramp_C1_P1",2024-06-16,"North Ramp","morning","C1P1",2024-06-16 06:30:00,9,31.3292844558649
"2024-06-16_North Ramp_C1_P2",2024-06-16,"North Ramp","morning","C1P2",2024-06-16 07:15:00,12,28.4117882724082
"2024-06-16_North Ramp_C1_P3",2024-06-16,"North Ramp","morning","C1P3",2024-06-16 08:00:00,15,27.5039416224857
"2024-06-16_South Ramp_C1_P1",2024-06-16,"South Ramp","morning","C1P1",2024-06-16 06:30:00,9,29.3998770323846
"2024-06-16_South Ramp_C1_P2",2024-06-16,"South Ramp","morning","C1P2",2024-06-16 07:15:00,8,29.4651486573397
"2024-06-16_South Ramp_C1_P3",2024-06-16,"South Ramp","morning","C1P3",2024-06-16 08:00:00,8,25.5891353974532
"2024-06-17_East Pier_C1_P1",2024-06-17,"East Pier","afternoon","C1P1",2024-06-17 14:30:00,1,31.8295056016548
"2024-06-17_East Pier_C1_P2",2024-06-17,"East Pier","afternoon","C1P2",2024-06-17 15:15:00,2,23.9074382588447
"2024-06-17_East Pier_C2_P1",2024-06-17,"East Pier","afternoon","C2P1",2024-06-17 16:30:00,5,35.5355547882074
"2024-06-17_East Pier_C2_P2",2024-06-17,"East Pier","afternoon","C2P2",2024-06-17 17:15:00,3,31.4229737804094
"2024-06-18_East Pier_C1_P1",2024-06-18,"East Pier","afternoon","C1P1",2024-06-18 14:30:00,2,25.1450261879141
"2024-06-18_East Pier_C1_P2",2024-06-18,"East Pier","afternoon","C1P2",2024-06-18 15:15:00,1,25.0072886289105
"2024-06-18_East Pier_C1_P3",2024-06-18,"East Pier","afternoon","C1P3",2024-06-18 16:00:00,5,34.9571827309329
"2024-06-18_East Pier_C2_P1",2024-06-18,"East Pier","afternoon","C2P1",2024-06-18 16:30:00,3,35.2601674628744
"2024-06-18_East Pier_C2_P2",2024-06-18,"East Pier","afternoon","C2P2",2024-06-18 17:15:00,4,32.8763636201128
"2024-06-18_East Pier_C2_P3",2024-06-18,"East Pier","afternoon","C2P3",2024-06-18 18:00:00,5,37.1219599001308
"2024-06-18_North Ramp_C1_P1",2024-06-18,"North Ramp","morning","C1P1",2024-06-18 06:30:00,8,24.1738666654707
"2024-06-18_North Ramp_C1_P2",2024-06-18,"North Ramp","morning","C1P2",2024-06-18 07:15:00,3,33.7575700190194
"2024-06-18_North Ramp_C1_P3",2024-06-18,"North Ramp","morning","C1P3",2024-06-18 08:00:00,13,25.6466252247839
"2024-06-18_North Ramp_C2_P1",2024-06-18,"North Ramp","morning","C2P1",2024-06-18 08:30:00,6,25.885331471208
"2024-06-18_North Ramp_C2_P2",2024-06-18,"North Ramp","morning","C2P2",2024-06-18 09:15:00,8,22.4037319150611
"2024-06-19_North Ramp_C1_P1",2024-06-19,"North Ramp","afternoon","C1P1",2024-06-19 14:30:00,4,30.2774761652192
"2024-06-19_North Ramp_C1_P2",2024-06-19,"North Ramp","afternoon","C1P2",2024-06-19 15:15:00,7,30.1283933393655
"2024-06-19_North Ramp_C1_P3",2024-06-19,"North Ramp","afternoon","C1P3",2024-06-19 16:00:00,2,28.2389871346474
"2024-06-19_North Ramp_C2_P1",2024-06-19,"North Ramp","afternoon","C2P1",2024-06-19 16:30:00,9,29.639259085008
"2024-06-19_North Ramp_C2_P2",2024-06-19,"North Ramp","afternoon","C2P2",2024-06-19 17:15:00,7,20.8118594190811
"2024-06-19_North Ramp_C2_P3",2024-06-19,"North Ramp","afternoon","C2P3",2024-06-19 18:00:00,8,28.3228767699752
"2024-06-19_South Ramp_C1_P1",2024-06-19,"South Ramp","morning","C1P1",2024-06-19 06:30:00,4,21.2404313181379
"2024-06-19_South Ramp_C1_P2",2024-06-19,"South Ramp","morning","C1P2",2024-06-19 07:15:00,6,30.993548182155
"2024-06-19_South Ramp_C2_P1",2024-06-19,"South Ramp","morning","C2P1",2024-06-19 08:30:00,2,35.7520825094314
"2024-06-19_South Ramp_C2_P2",2024-06-19,"South Ramp","morning","C2P2",2024-06-19 09:15:00,4,37.7379591541162
"2024-06-20_North Ramp_C1_P1",2024-06-20,"North Ramp","afternoon","C1P1",2024-06-20 14:30:00,8,26.096262426722
"2024-06-20_North Ramp_C1_P2",2024-06-20,"North Ramp","afternoon","C1P2",2024-06-20 15:15:00,9,31.7533209169127
"2024-06-20_North Ramp_C1_P3",2024-06-20,"North Ramp","afternoon","C1P3",2024-06-20 16:00:00,11,26.3953577214591
"2024-06-20_North Ramp_C1_P1",2024-06-20,"North Ramp","morning","C1P1",2024-06-20 06:30:00,9,38.2739432329055
"2024-06-20_North Ramp_C1_P2",2024-06-20,"North Ramp","morning","C1P2",2024-06-20 07:15:00,8,27.8117685608673
"2024-06-20_North Ramp_C1_P3",2024-06-20,"North Ramp","morning","C1P3",2024-06-20 08:00:00,5,27.3382274348887
"2024-06-21_East Pier_C1_P1",2024-06-21,"East Pier","afternoon","C1P1",2024-06-21 14:30:00,5,30.325254452421
"2024-06-21_East Pier_C1_P2",2024-06-21,"East Pier","afternoon","C1P2",2024-06-21 15:15:00,5,31.5936599263588
"2024-06-21_East Pier_C1_P3",2024-06-21,"East Pier","afternoon","C1P3",2024-06-21 16:00:00,3,35.6902613009316
"2024-06-21_East Pier_C1_P1",2024-06-21,"East Pier","morning","C1P1",2024-06-21 06:30:00,4,30.9278209721527
"2024-06-21_East Pier_C1_P2",2024-06-21,"East Pier","morning","C1P2",2024-06-21 07:15:00,2,22.4038723645921
"2024-06-21_East Pier_C1_P3",2024-06-21,"East Pier","morning","C1P3",2024-06-21 08:00:00,4,27.761650856978
"2024-06-22_North Ramp_C1_P1",2024-06-22,"North Ramp","morning","C1P1",2024-06-22 06:30:00,16,33.819429018774
"2024-06-22_North Ramp_C1_P2",2024-06-22,"North Ramp","morning","C1P2",2024-06-22 07:15:00,12,31.2850895500436
"2024-06-22_South Ramp_C1_P1",2024-06-22,"South Ramp","afternoon","C1P1",2024-06-22 14:30:00,13,35.3562106247229
"2024-06-22_South Ramp_C1_P2",2024-06-22,"South Ramp","afternoon","C1P2",2024-06-22 15:15:00,10,27.1925802676472
"2024-06-22_South Ramp_C1_P1",2024-06-22,"South Ramp","morning","C1P1",2024-06-22 06:30:00,14,22.8783737928015
"2024-06-22_South Ramp_C1_P2",2024-06-22,"South Ramp","morning","C1P2",2024-06-22 07:15:00,10,28.2881067125965
"2024-06-23_North Ramp_C1_P1",2024-06-23,"North Ramp","afternoon","C1P1",2024-06-23 14:30:00,13,38.2030541984435
"2024-06-23_North Ramp_C1_P2",2024-06-23,"North Ramp","afternoon","C1P2",2024-06-23 15:15:00,15,25.19244926241
"2024-06-23_North Ramp_C1_P3",2024-06-23,"North Ramp","afternoon","C1P3",2024-06-23 16:00:00,10,30.3556802656739
"2024-06-23_North Ramp_C2_P1",2024-06-23,"North Ramp","afternoon","C2P1",2024-06-23 16:30:00,19,31.2950644498535
"2024-06-23_North Ramp_C2_P2",2024-06-23,"North Ramp","afternoon","C2P2",2024-06-23 17:15:00,18,28.3619702385695
"2024-06-23_North Ramp_C1_P1",2024-06-23,"North Ramp","morning","C1P1",2024-06-23 06:30:00,13,28.9453493786394
"2024-06-23_North Ramp_C1_P2",2024-06-23,"North Ramp","morning","C1P2",2024-06-23 07:15:00,8,33.8552637611581
"2024-06-23_North Ramp_C1_P3",2024-06-23,"North Ramp","morning","C1P3",2024-06-23 08:00:00,7,25.9559702142
"2024-06-23_North Ramp_C2_P1",2024-06-23,"North Ramp","morning","C2P1",2024-06-23 08:30:00,8,31.019111465593
"2024-06-23_North Ramp_C2_P2",2024-06-23,"North Ramp","morning","C2P2",2024-06-23 09:15:00,12,29.1700331324249
"2024-06-23_North Ramp_C2_P3",2024-06-23,"North Ramp","morning","C2P3",2024-06-23 10:00:00,8,22.6250596161375
"2024-06-23_South Ramp_C1_P1",2024-06-23,"South Ramp","morning","C1P1",2024-06-23 06:30:00,7,34.098590345611
"2024-06-23_South Ramp_C1_P2",2024-06-23,"South Ramp","morning","C1P2",2024-06-23 07:15:00,9,35.267407285101
"2024-06-23_South Ramp_C1_P3",2024-06-23,"South Ramp","morning","C1P3",2024-06-23 08:00:00,21,35.6008185030435
"2024-06-23_South Ramp_C2_P1",2024-06-23,"South Ramp","morning","C2P1",2024-06-23 08:30:00,9,33.0674076187719
"2024-06-23_South Ramp_C2_P2",2024-06-23,"South Ramp","morning","C2P2",2024-06-23 09:15:00,15,25.0366801195471
"2024-06-23_South Ramp_C2_P3",2024-06-23,"South Ramp","morning","C2P3",2024-06-23 10:00:00,7,29.6395805543485
"2024-06-24_East Pier_C1_P1",2024-06-24,"East Pier","afternoon","C1P1",2024-06-24 14:30:00,5,28.0052126427487
"2024-06-24_East Pier_C1_P2",2024-06-24,"East Pier","afternoon","C1P2",2024-06-24 15:15:00,4,29.7978530532756
"2024-06-24_East Pier_C2_P1",2024-06-24,"East Pier","afternoon","C2P1",2024-06-24 16:30:00,3,31.0557807065099
"2024-06-24_East Pier_C2_P2",2024-06-24,"East Pier","afternoon","C2P2",2024-06-24 17:15:00,3,28.3464907863474
"2024-06-24_East Pier_C2_P3",2024-06-24,"East Pier","afternoon","C2P3",2024-06-24 18:00:00,3,32.8066431790766
"2024-06-25_East Pier_C1_P1",2024-06-25,"East Pier","afternoon","C1P1",2024-06-25 14:30:00,3,26.3729023983419
"2024-06-25_East Pier_C1_P2",2024-06-25,"East Pier","afternoon","C1P2",2024-06-25 15:15:00,2,34.6015512873587
"2024-06-25_North Ramp_C1_P1",2024-06-25,"North Ramp","afternoon","C1P1",2024-06-25 14:30:00,4,28.6530045320019
"2024-06-25_North Ramp_C1_P2",2024-06-25,"North Ramp","afternoon","C1P2",2024-06-25 15:15:00,8,27.9104588618684
"2024-06-25_North Ramp_C2_P1",2024-06-25,"North Ramp","afternoon","C2P1",2024-06-25 16:30:00,8,30.3639596476903
"2024-06-25_North Ramp_C2_P2",2024-06-25,"North Ramp","afternoon","C2P2",2024-06-25 17:15:00,5,36.1815480332306
"2024-06-25_South Ramp_C1_P1",2024-06-25,"South Ramp","morning","C1P1",2024-06-25 06:30:00,4,35.4770821564015
"2024-06-25_South Ramp_C1_P2",2024-06-25,"South Ramp","morning","C1P2",2024-06-25 07:15:00,7,24.3783410751113
"2024-06-25_South Ramp_C1_P3",2024-06-25,"South Ramp","morning","C1P3",2024-06-25 08:00:00,8,29.3700129271965
"2024-06-26_East Pier_C1_P1",2024-06-26,"East Pier","afternoon","C1P1",2024-06-26 14:30:00,3,33.0278926081887
"2024-06-26_East Pier_C1_P2",2024-06-26,"East Pier","afternoon","C1P2",2024-06-26 15:15:00,7,27.8741212681034
"2024-06-26_East Pier_C1_P3",2024-06-26,"East Pier","afternoon","C1P3",2024-06-26 16:00:00,2,28.3716234620963
"2024-06-26_East Pier_C2_P1",2024-06-26,"East Pier","afternoon","C2P1",2024-06-26 16:30:00,5,39.2800644209724
"2024-06-26_East Pier_C2_P2",2024-06-26,"East Pier","afternoon","C2P2",2024-06-26 17:15:00,5,34.5562979588676
"2024-06-26_North Ramp_C1_P1",2024-06-26,"North Ramp","morning","C1P1",2024-06-26 06:30:00,9,29.1894726356503
"2024-06-26_North Ramp_C1_P2",2024-06-26,"North Ramp","morning","C1P2",2024-06-26 07:15:00,12,33.7388987052759
"2024-06-26_North Ramp_C2_P1",2024-06-26,"North Ramp","morning","C2P1",2024-06-26 08:30:00,10,30.4452964479029
"2024-06-26_North Ramp_C2_P2",2024-06-26,"North Ramp","morning","C2P2",2024-06-26 09:15:00,7,26.2187235578094
"2024-06-26_North Ramp_C2_P3",2024-06-26,"North Ramp","morning","C2P3",2024-06-26 10:00:00,4,29.9785169929731
"2024-06-28_East Pier_C1_P1",2024-06-28,"East Pier","morning","C1P1",2024-06-28 06:30:00,5,30.1116901612005
"2024-06-28_East Pier_C1_P2",2024-06-28,"East Pier","morning","C1P2",2024-06-28 07:15:00,5,29.1753723231215
"2024-06-28_South Ramp_C1_P1",2024-06-28,"South Ramp","morning","C1P1",2024-06-28 06:30:00,5,25.1219262097945
"2024-06-28_South Ramp_C1_P2",2024-06-28,"South Ramp","morning","C1P2",2024-06-28 07:15:00,4,35.4713804619081
"2024-06-28_South Ramp_C2_P1",2024-06-28,"South Ramp","morning","C2P1",2024-06-28 08:30:00,2,31.1189622648658
"2024-06-28_South Ramp_C2_P2",2024-06-28,"South Ramp","morning","C2P2",2024-06-28 09:15:00,4,22.0679871765095
"2024-06-29_East Pier_C1_P1",2024-06-29,"East Pier","afternoon","C1P1",2024-06-29 14:30:00,12,22.5542088397544
"2024-06-29_East Pier_C1_P2",2024-06-29,"East Pier","afternoon","C1P2",2024-06-29 15:15:00,7,26.4042373664398
"2024-06-29_East Pier_C1_P1",2024-06-29,"East Pier","morning","C1P1",2024-06-29 06:30:00,6,25.9604116101089
"2024-06-29_East Pier_C1_P2",2024-06-29,"East Pier","morning","C1P2",2024-06-29 07:15:00,7,25.5250247576763
"2024-06-29_North Ramp_C1_P1",2024-06-29,"North Ramp","afternoon","C1P1",2024-06-29 14:30:00,10,36.9718461571218
"2024-06-29_North Ramp_C1_P2",2024-06-29,"North Ramp","afternoon","C1P2",2024-06-29 15:15:00,12,21.013289638372
"2024-06-29_North Ramp_C1_P1",2024-06-29,"North Ramp","morning","C1P1",2024-06-29 06:30:00,10,24.7557774653416
"2024-06-29_North Ramp_C1_P2",2024-06-29,"North Ramp","morning","C1P2",2024-06-29 07:15:00,13,31.8803916839371
"2024-06-29_South Ramp_C1_P1",2024-06-29,"South Ramp","afternoon","C1P1",2024-06-29 14:30:00,12,26.1745999400193
"2024-06-29_South Ramp_C1_P2",2024-06-29,"South Ramp","afternoon","C1P2",2024-06-29 15:15:00,14,27.9165647418703
"2024-06-29_South Ramp_C2_P1",2024-06-29,"South Ramp","afternoon","C2P1",2024-06-29 16:30:00,7,28.4450850028869
"2024-06-29_South Ramp_C2_P2",2024-06-29,"South Ramp","afternoon","C2P2",2024-06-29 17:15:00,6,31.339263558113
"2024-06-29_South Ramp_C2_P3",2024-06-29,"South Ramp","afternoon","C2P3",2024-06-29 18:00:00,9,32.5546317029572
"2024-06-29_South Ramp_C1_P1",2024-06-29,"South Ramp","morning","C1P1",2024-06-29 06:30:00,10,30.9260517048503
"2024-06-29_South Ramp_C1_P2",2024-06-29,"South Ramp","morning","C1P2",2024-06-29 07:15:00,12,35.9084865771815
"2024-06-29_South Ramp_C1_P3",2024-06-29,"South Ramp","morning","C1P3",2024-06-29 08:00:00,12,35.9523787184269
"2024-06-29_South Ramp_C2_P1",2024-06-29,"South Ramp","morning","C2P1",2024-06-29 08:30:00,14,25.5442040835045
"2024-06-29_South Ramp_C2_P2",2024-06-29,"South Ramp","morning","C2P2",2024-06-29 09:15:00,9,20
"2024-06-29_South Ramp_C2_P3",2024-06-29,"South Ramp","morning","C2P3",2024-06-29 10:00:00,8,29.1566234892087
"2024-06-30_East Pier_C1_P1",2024-06-30,"East Pier","afternoon","C1P1",2024-06-30 14:30:00,5,30.9302108869947
"2024-06-30_East Pier_C1_P2",2024-06-30,"East Pier","afternoon","C1P2",2024-06-30 15:15:00,8,26.2632964946226
"2024-06-30_East Pier_C1_P3",2024-06-30,"East Pier","afternoon","C1P3",2024-06-30 16:00:00,5,31.0461421423668
"2024-06-30_East Pier_C2_P1",2024-06-30,"East Pier","afternoon","C2P1",2024-06-30 16:30:00,6,37.2616278169073
"2024-06-30_East Pier_C2_P2",2024-06-30,"East Pier","afternoon","C2P2",2024-06-30 17:15:00,11,27.2174346606383
"2024-06-30_East Pier_C1_P1",2024-06-30,"East Pier","morning","C1P1",2024-06-30 06:30:00,4,37.7902329531768
"2024-06-30_East Pier_C1_P2",2024-06-30,"East Pier","morning","C1P2",2024-06-30 07:15:00,9,28.7857062166489
"2024-06-30_North Ramp_C1_P1",2024-06-30,"North Ramp","afternoon","C1P1",2024-06-30 14:30:00,12,33.7244861669215
"2024-06-30_North Ramp_C1_P2",2024-06-30,"North Ramp","afternoon","C1P2",2024-06-30 15:15:00,22,41.2358881239255
"2024-06-30_North Ramp_C1_P3",2024-06-30,"North Ramp","afternoon","C1P3",2024-06-30 16:00:00,15,31.8991285887647
"2024-06-30_North Ramp_C1_P1",2024-06-30,"North Ramp","morning","C1P1",2024-06-30 06:30:00,10,34.6348790353309
"2024-06-30_North Ramp_C1_P2",2024-06-30,"North Ramp","morning","C1P2",2024-06-30 07:15:00,15,31.0426983608495
"2024-06-30_North Ramp_C1_P3",2024-06-30,"North Ramp","morning","C1P3",2024-06-30 08:00:00,13,20.0023250684533
"2024-06-30_North Ramp_C2_P1",2024-06-30,"North Ramp","morning","C2P1",2024-06-30 08:30:00,13,25.3389476190763
"2024-06-30_North Ramp_C2_P2",2024-06-30,"North Ramp","morning","C2P2",2024-06-30 09:15:00,11,35.5536348314849
"2024-06-30_South Ramp_C1_P1",2024-06-30,"South Ramp","morning","C1P1",2024-06-30 06:30:00,7,36.7137249260062
"2024-06-30_South Ramp_C1_P2",2024-06-30,"South Ramp","morning","C1P2",2024-06-30 07:15:00,8,30.7443719811515
"2024-06-30_South Ramp_C1_P3",2024-06-30,"South Ramp","morning","C1P3",2024-06-30 08:00:00,10,33.1906866902519
"2024-07-01_East Pier_C1_P1",2024-07-01,"East Pier","afternoon","C1P1",2024-07-01 14:30:00,2,33.8298581461706
"2024-07-01_East Pier_C1_P2",2024-07-01,"East Pier","afternoon","C1P2",2024-07-01 15:15:00,5,33.8731203941026
"2024-07-01_East Pier_C2_P1",2024-07-01,"East Pier","afternoon","C2P1",2024-07-01 16:30:00,2,33.8843716290237
"2024-07-01_East Pier_C2_P2",2024-07-01,"East Pier","afternoon","C2P2",2024-07-01 17:15:00,1,35.2279814716722
"2024-07-01_East Pier_C1_P1",2024-07-01,"East Pier","morning","C1P1",2024-07-01 06:30:00,2,31.54428568423
"2024-07-01_East Pier_C1_P2",2024-07-01,"East Pier","morning","C1P2",2024-07-01 07:15:00,3,31.3912135073076
"2024-07-01_East Pier_C1_P3",2024-07-01,"East Pier","morning","C1P3",2024-07-01 08:00:00,2,36.806476836523
"2024-07-01_East Pier_C2_P1",2024-07-01,"East Pier","morning","C2P1",2024-07-01 08:30:00,2,34.6198169395316
"2024-07-01_East Pier_C2_P2",2024-07-01,"East Pier","morning","C2P2",2024-07-01 09:15:00,6,24.5723864317145
"2024-07-01_East Pier_C2_P3",2024-07-01,"East Pier","morning","C2P3",2024-07-01 10:00:00,2,25.4851371015622
"2024-07-01_North Ramp_C1_P1",2024-07-01,"North Ramp","afternoon","C1P1",2024-07-01 14:30:00,3,25.6903934535654
"2024-07-01_North Ramp_C1_P2",2024-07-01,"North Ramp","afternoon","C1P2",2024-07-01 15:15:00,4,34.2160224392135
"2024-07-01_North Ramp_C1_P3",2024-07-01,"North Ramp","afternoon","C1P3",2024-07-01 16:00:00,6,29.6751463034205
"2024-07-01_South Ramp_C1_P1",2024-07-01,"South Ramp","morning","C1P1",2024-07-01 06:30:00,8,31.2775347008863
"2024-07-01_South Ramp_C1_P2",2024-07-01,"South Ramp","morning","C1P2",2024-07-01 07:15:00,3,40.5132549044443
"2024-07-02_East Pier_C1_P1",2024-07-02,"East Pier","afternoon","C1P1",2024-07-02 14:30:00,4,23.9519825796346
"2024-07-02_East Pier_C1_P2",2024-07-02,"East Pier","afternoon","C1P2",2024-07-02 15:15:00,2,31.3898786145282
"2024-07-02_East Pier_C1_P3",2024-07-02,"East Pier","afternoon","C1P3",2024-07-02 16:00:00,5,29.2905608114473
"2024-07-02_East Pier_C2_P1",2024-07-02,"East Pier","afternoon","C2P1",2024-07-02 16:30:00,4,32.8336383738127
"2024-07-02_East Pier_C2_P2",2024-07-02,"East Pier","afternoon","C2P2",2024-07-02 17:15:00,4,24.802149706621
"2024-07-02_North Ramp_C1_P1",2024-07-02,"North Ramp","afternoon","C1P1",2024-07-02 14:30:00,13,28.2904063615605
"2024-07-02_North Ramp_C1_P2",2024-07-02,"North Ramp","afternoon","C1P2",2024-07-02 15:15:00,4,30.269572857987
"2024-07-02_North Ramp_C1_P3",2024-07-02,"North Ramp","afternoon","C1P3",2024-07-02 16:00:00,4,29.238472487919
"2024-07-02_North Ramp_C2_P1",2024-07-02,"North Ramp","afternoon","C2P1",2024-07-02 16:30:00,5,29.3158772469711
"2024-07-02_North Ramp_C2_P2",2024-07-02,"North Ramp","afternoon","C2P2",2024-07-02 17:15:00,6,26.2158292454246
"2024-07-02_North Ramp_C2_P3",2024-07-02,"North Ramp","afternoon","C2P3",2024-07-02 18:00:00,6,23.433856460823
"2024-07-02_North Ramp_C1_P1",2024-07-02,"North Ramp","morning","C1P1",2024-07-02 06:30:00,6,29.5267143146246
"2024-07-02_North Ramp_C1_P2",2024-07-02,"North Ramp","morning","C1P2",2024-07-02 07:15:00,9,27.7183179104205
"2024-07-02_North Ramp_C1_P3",2024-07-02,"North Ramp","morning","C1P3",2024-07-02 08:00:00,5,33.2052939756139
"2024-07-02_South Ramp_C1_P1",2024-07-02,"South Ramp","afternoon","C1P1",2024-07-02 14:30:00,1,39.7737667109871
"2024-07-02_South Ramp_C1_P2",2024-07-02,"South Ramp","afternoon","C1P2",2024-07-02 15:15:00,5,33.707846261806
"2024-07-02_South Ramp_C2_P1",2024-07-02,"South Ramp","afternoon","C2P1",2024-07-02 16:30:00,8,20
"2024-07-02_South Ramp_C2_P2",2024-07-02,"South Ramp","afternoon","C2P2",2024-07-02 17:15:00,6,28.3375003334043
"2024-07-03_North Ramp_C1_P1",2024-07-03,"North Ramp","afternoon","C1P1",2024-07-03 14:30:00,4,35.8351818197292
"2024-07-03_North Ramp_C1_P2",2024-07-03,"North Ramp","afternoon","C1P2",2024-07-03 15:15:00,7,20
"2024-07-03_North Ramp_C1_P3",2024-07-03,"North Ramp","afternoon","C1P3",2024-07-03 16:00:00,8,30.0974354328443
"2024-07-03_North Ramp_C2_P1",2024-07-03,"North Ramp","afternoon","C2P1",2024-07-03 16:30:00,6,32.3405729818433
"2024-07-03_North Ramp_C2_P2",2024-07-03,"North Ramp","afternoon","C2P2",2024-07-03 17:15:00,10,30.9923073983107
"2024-07-03_North Ramp_C2_P3",2024-07-03,"North Ramp","afternoon","C2P3",2024-07-03 18:00:00,7,30.1630862639839
"2024-07-03_South Ramp_C1_P1",2024-07-03,"South Ramp","afternoon","C1P1",2024-07-03 14:30:00,3,21.1569783861551
"2024-07-03_South Ramp_C1_P2",2024-07-03,"South Ramp","afternoon","C1P2",2024-07-03 15:15:00,5,31.850990847614
"2024-07-03_South Ramp_C2_P1",2024-07-03,"South Ramp","afternoon","C2P1",2024-07-03 16:30:00,5,35.1982368472694
"2024-07-03_South Ramp_C2_P2",2024-07-03,"South Ramp","afternoon","C2P2",2024-07-03 17:15:00,6,30.5937829376114
"2024-07-03_South Ramp_C2_P3",2024-07-03,"South Ramp","afternoon","C2P3",2024-07-03 18:00:00,7,30.5547254930966
"2024-07-04_East Pier_C1_P1",2024-07-04,"East Pier","afternoon","C1P1",2024-07-04 14:30:00,2,26.1019442701153
"2024-07-04_East Pier_C1_P2",2024-07-04,"East Pier","afternoon","C1P2",2024-07-04 15:15:00,1,27.7512529517853
"2024-07-04_South Ramp_C1_P1",2024-07-04,"South Ramp","afternoon","C1P1",2024-07-04 14:30:00,3,41.5061416825378
"2024-07-04_South Ramp_C1_P2",2024-07-04,"South Ramp","afternoon","C1P2",2024-07-04 15:15:00,3,24.8574876477727
"2024-07-04_South Ramp_C1_P3",2024-07-04,"South Ramp","afternoon","C1P3",2024-07-04 16:00:00,3,31.4443318778286
"2024-07-04_South Ramp_C2_P1",2024-07-04,"South Ramp","afternoon","C2P1",2024-07-04 16:30:00,2,37.4838530547939
"2024-07-04_South Ramp_C2_P2",2024-07-04,"South Ramp","afternoon","C2P2",2024-07-04 17:15:00,5,25.0446999202235
"2024-07-04_South Ramp_C2_P3",2024-07-04,"South Ramp","afternoon","C2P3",2024-07-04 18:00:00,9,28.8949690616609
"2024-07-04_South Ramp_C1_P1",2024-07-04,"South Ramp","morning","C1P1",2024-07-04 06:30:00,5,30.8823756905894
"2024-07-04_South Ramp_C1_P2",2024-07-04,"South Ramp","morning","C1P2",2024-07-04 07:15:00,4,35.5499817476558
"2024-07-04_South Ramp_C2_P1",2024-07-04,"South Ramp","morning","C2P1",2024-07-04 08:30:00,5,30.6588034169238
"2024-07-04_South Ramp_C2_P2",2024-07-04,"South Ramp","morning","C2P2",2024-07-04 09:15:00,3,29.1919815151602
"2024-07-04_South Ramp_C2_P3",2024-07-04,"South Ramp","morning","C2P3",2024-07-04 10:00:00,4,25.8943335701158
"2024-07-06_East Pier_C1_P1",2024-07-06,"East Pier","afternoon","C1P1",2024-07-06 14:30:00,10,30.9575553357219
"2024-07-06_East Pier_C1_P2",2024-07-06,"East Pier","afternoon","C1P2",2024-07-06 15:15:00,8,30.4093099448243
"2024-07-06_East Pier_C1_P1",2024-07-06,"East Pier","morning","C1P1",2024-07-06 06:30:00,6,29.673841899367
"2024-07-06_East Pier_C1_P2",2024-07-06,"East Pier","morning","C1P2",2024-07-06 07:15:00,4,20
"2024-07-06_East Pier_C1_P3",2024-07-06,"East Pier","morning","C1P3",2024-07-06 08:00:00,5,29.3313543587625
"2024-07-06_East Pier_C2_P1",2024-07-06,"East Pier","morning","C2P1",2024-07-06 08:30:00,15,28.6201457465201
"2024-07-06_East Pier_C2_P2",2024-07-06,"East Pier","morning","C2P2",2024-07-06 09:15:00,6,31.6667806936238
"2024-07-06_East Pier_C2_P3",2024-07-06,"East Pier","morning","C2P3",2024-07-06 10:00:00,8,34.2890803180298
"2024-07-06_North Ramp_C1_P1",2024-07-06,"North Ramp","morning","C1P1",2024-07-06 06:30:00,14,23.5074861811719
"2024-07-06_North Ramp_C1_P2",2024-07-06,"North Ramp","morning","C1P2",2024-07-06 07:15:00,9,32.1149293198464
"2024-07-06_North Ramp_C1_P3",2024-07-06,"North Ramp","morning","C1P3",2024-07-06 08:00:00,13,31.2170952318161
"2024-07-06_South Ramp_C1_P1",2024-07-06,"South Ramp","afternoon","C1P1",2024-07-06 14:30:00,6,29.5135095619566
"2024-07-06_South Ramp_C1_P2",2024-07-06,"South Ramp","afternoon","C1P2",2024-07-06 15:15:00,6,25.7233808492728
"2024-07-06_South Ramp_C2_P1",2024-07-06,"South Ramp","afternoon","C2P1",2024-07-06 16:30:00,10,35.1142329433847
"2024-07-06_South Ramp_C2_P2",2024-07-06,"South Ramp","afternoon","C2P2",2024-07-06 17:15:00,12,26.2433996319053
"2024-07-06_South Ramp_C2_P3",2024-07-06,"South Ramp","afternoon","C2P3",2024-07-06 18:00:00,6,32.0408720117424
"2024-07-06_South Ramp_C1_P1",2024-07-06,"South Ramp","morning","C1P1",2024-07-06 06:30:00,11,29.7480781420659
"2024-07-06_South Ramp_C1_P2",2024-07-06,"South Ramp","morning","C1P2",2024-07-06 07:15:00,11,35.9205401697687
"2024-07-06_South Ramp_C2_P1",2024-07-06,"South Ramp","morning","C2P1",2024-07-06 08:30:00,12,29.5050111789225
"2024-07-06_South Ramp_C2_P2",2024-07-06,"South Ramp","morning","C2P2",2024-07-06 09:15:00,13,30.8833939045475
"2024-07-07_East Pier_C1_P1",2024-07-07,"East Pier","afternoon","C1P1",2024-07-07 14:30:00,10,30.6456343480859
"2024-07-07_East Pier_C1_P2",2024-07-07,"East Pier","afternoon","C1P2",2024-07-07 15:15:00,7,26.6694605458193
"2024-07-07_East Pier_C1_P1",2024-07-07,"East Pier","morning","C1P1",2024-07-07 06:30:00,11,25.8233164527433
"2024-07-07_East Pier_C1_P2",2024-07-07,"East Pier","morning","C1P2",2024-07-07 07:15:00,4,31.0070729022798
"2024-07-07_East Pier_C1_P3",2024-07-07,"East Pier","morning","C1P3",2024-07-07 08:00:00,5,28.2924540606628
"2024-07-07_East Pier_C2_P1",2024-07-07,"East Pier","morning","C2P1",2024-07-07 08:30:00,7,29.7099843246081
"2024-07-07_East Pier_C2_P2",2024-07-07,"East Pier","morning","C2P2",2024-07-07 09:15:00,7,25.641238195367
"2024-07-07_South Ramp_C1_P1",2024-07-07,"South Ramp","morning","C1P1",2024-07-07 06:30:00,13,31.517349733647
"2024-07-07_South Ramp_C1_P2",2024-07-07,"South Ramp","morning","C1P2",2024-07-07 07:15:00,10,28.4124993599998
"2024-07-07_South Ramp_C1_P3",2024-07-07,"South Ramp","morning","C1P3",2024-07-07 08:00:00,7,26.9537509221671
"2024-07-07_South Ramp_C2_P1",2024-07-07,"South Ramp","morning","C2P1",2024-07-07 08:30:00,12,39.0025674654552
"2024-07-07_South Ramp_C2_P2",2024-07-07,"South Ramp","morning","C2P2",2024-07-07 09:15:00,11,34.8274819100146
"2024-07-08_East Pier_C1_P1",2024-07-08,"East Pier","afternoon","C1P1",2024-07-08 14:30:00,3,21.9651797007123
"2024-07-08_East Pier_C1_P2",2024-07-08,"East Pier","afternoon","C1P2",2024-07-08 15:15:00,6,34.5300978441704
"2024-07-08_North Ramp_C1_P1",2024-07-08,"North Ramp","morning","C1P1",2024-07-08 06:30:00,7,29.8962107238036
"2024-07-08_North Ramp_C1_P2",2024-07-08,"North Ramp","morning","C1P2",2024-07-08 07:15:00,4,31.9010869529978
"2024-07-08_North Ramp_C1_P3",2024-07-08,"North Ramp","morning","C1P3",2024-07-08 08:00:00,8,31.9484971253029
"2024-07-08_North Ramp_C2_P1",2024-07-08,"North Ramp","morning","C2P1",2024-07-08 08:30:00,5,36.1019767909883
"2024-07-08_North Ramp_C2_P2",2024-07-08,"North Ramp","morning","C2P2",2024-07-08 09:15:00,8,20
"2024-07-08_North Ramp_C2_P3",2024-07-08,"North Ramp","morning","C2P3",2024-07-08 10:00:00,3,37.3256490662214
"2024-07-09_East Pier_C1_P1",2024-07-09,"East Pier","morning","C1P1",2024-07-09 06:30:00,3,34.3552041523915
"2024-07-09_East Pier_C1_P2",2024-07-09,"East Pier","morning","C1P2",2024-07-09 07:15:00,5,28.8643833232037
"2024-07-09_East Pier_C1_P3",2024-07-09,"East Pier","morning","C1P3",2024-07-09 08:00:00,2,29.5875970762402
"2024-07-09_East Pier_C2_P1",2024-07-09,"East Pier","morning","C2P1",2024-07-09 08:30:00,2,32.4239612732134
"2024-07-09_East Pier_C2_P2",2024-07-09,"East Pier","morning","C2P2",2024-07-09 09:15:00,3,30.7228995324741
"2024-07-09_North Ramp_C1_P1",2024-07-09,"North Ramp","morning","C1P1",2024-07-09 06:30:00,7,26.5571086200105
"2024-07-09_North Ramp_C1_P2",2024-07-09,"North Ramp","morning","C1P2",2024-07-09 07:15:00,4,32.7004268930954
"2024-07-09_South Ramp_C1_P1",2024-07-09,"South Ramp","morning","C1P1",2024-07-09 06:30:00,6,30.4295007131996
"2024-07-09_South Ramp_C1_P2",2024-07-09,"South Ramp","morning","C1P2",2024-07-09 07:15:00,3,34.8553263802669
"2024-07-09_South Ramp_C1_P3",2024-07-09,"South Ramp","morning","C1P3",2024-07-09 08:00:00,4,31.8500988720013
"2024-07-10_East Pier_C1_P1",2024-07-10,"East Pier","afternoon","C1P1",2024-07-10 14:30:00,3,38.0731346602638
"2024-07-10_East Pier_C1_P2",2024-07-10,"East Pier","afternoon","C1P2",2024-07-10 15:15:00,9,38.8160706748899
"2024-07-10_East Pier_C2_P1",2024-07-10,"East Pier","afternoon","C2P1",2024-07-10 16:30:00,3,27.3742414875695
"2024-07-10_East Pier_C2_P2",2024-07-10,"East Pier","afternoon","C2P2",2024-07-10 17:15:00,6,20
"2024-07-10_East Pier_C2_P3",2024-07-10,"East Pier","afternoon","C2P3",2024-07-10 18:00:00,3,24.8669899588881
"2024-07-10_South Ramp_C1_P1",2024-07-10,"South Ramp","morning","C1P1",2024-07-10 06:30:00,2,31.9435435481571
"2024-07-10_South Ramp_C1_P2",2024-07-10,"South Ramp","morning","C1P2",2024-07-10 07:15:00,3,28.962601514972
"2024-07-11_North Ramp_C1_P1",2024-07-11,"North Ramp","afternoon","C1P1",2024-07-11 14:30:00,8,33.3424998886417
"2024-07-11_North Ramp_C1_P2",2024-07-11,"North Ramp","afternoon","C1P2",2024-07-11 15:15:00,7,22.1367207301232
"2024-07-11_South Ramp_C1_P1",2024-07-11,"South Ramp","morning","C1P1",2024-07-11 06:30:00,7,27.2313701890873
"2024-07-11_South Ramp_C1_P2",2024-07-11,"South Ramp","morning","C1P2",2024-07-11 07:15:00,3,22.8596698601922
"2024-07-11_South Ramp_C2_P1",2024-07-11,"South Ramp","morning","C2P1",2024-07-11 08:30:00,5,21.2729923497825
"2024-07-11_South Ramp_C2_P2",2024-07-11,"South Ramp","morning","C2P2",2024-07-11 09:15:00,6,28.546837027456
"2024-07-12_North Ramp_C1_P1",2024-07-12,"North Ramp","afternoon","C1P1",2024-07-12 14:30:00,5,28.0128534563829
"2024-07-12_North Ramp_C1_P2",2024-07-12,"North Ramp","afternoon","C1P2",2024-07-12 15:15:00,8,23.8455717385155
"2024-07-12_North Ramp_C2_P1",2024-07-12,"North Ramp","afternoon","C2P1",2024-07-12 16:30:00,5,37.4627397092955
"2024-07-12_North Ramp_C2_P2",2024-07-12,"North Ramp","afternoon","C2P2",2024-07-12 17:15:00,4,32.5499274038672
"2024-07-12_North Ramp_C2_P3",2024-07-12,"North Ramp","afternoon","C2P3",2024-07-12 18:00:00,7,22.8118543764581
"2024-07-13_East Pier_C1_P1",2024-07-13,"East Pier","afternoon","C1P1",2024-07-13 14:30:00,2,27.7256186880489
"2024-07-13_East Pier_C1_P2",2024-07-13,"East Pier","afternoon","C1P2",2024-07-13 15:15:00,11,23.1782234173926
"2024-07-13_North Ramp_C1_P1",2024-07-13,"North Ramp","afternoon","C1P1",2024-07-13 14:30:00,15,30.499433209656
"2024-07-13_North Ramp_C1_P2",2024-07-13,"North Ramp","afternoon","C1P2",2024-07-13 15:15:00,12,28.818296907366
"2024-07-13_North Ramp_C1_P3",2024-07-13,"North Ramp","afternoon","C1P3",2024-07-13 16:00:00,16,38.4691227460332
"2024-07-13_North Ramp_C2_P1",2024-07-13,"North Ramp","afternoon","C2P1",2024-07-13 16:30:00,11,25.4187621061354
"2024-07-13_North Ramp_C2_P2",2024-07-13,"North Ramp","afternoon","C2P2",2024-07-13 17:15:00,12,29.334862665884
"2024-07-13_North Ramp_C1_P1",2024-07-13,"North Ramp","morning","C1P1",2024-07-13 06:30:00,12,27.3787346729913
"2024-07-13_North Ramp_C1_P2",2024-07-13,"North Ramp","morning","C1P2",2024-07-13 07:15:00,18,39.0017511365323
"2024-07-13_North Ramp_C2_P1",2024-07-13,"North Ramp","morning","C2P1",2024-07-13 08:30:00,10,29.995891192607
"2024-07-13_North Ramp_C2_P2",2024-07-13,"North Ramp","morning","C2P2",2024-07-13 09:15:00,11,35.5374484941777
"2024-07-13_South Ramp_C1_P1",2024-07-13,"South Ramp","afternoon","C1P1",2024-07-13 14:30:00,7,26.2161098759837
"2024-07-13_South Ramp_C1_P2",2024-07-13,"South Ramp","afternoon","C1P2",2024-07-13 15:15:00,14,21.1305719016727
"2024-07-13_South Ramp_C1_P1",2024-07-13,"South Ramp","morning","C1P1",2024-07-13 06:30:00,9,23.7987053594319
"2024-07-13_South Ramp_C1_P2",2024-07-13,"South Ramp","morning","C1P2",2024-07-13 07:15:00,11,28.1683740673303
"2024-07-13_South Ramp_C1_P3",2024-07-13,"South Ramp","morning","C1P3",2024-07-13 08:00:00,11,31.1447176390773
"2024-07-14_East Pier_C1_P1",2024-07-14,"East Pier","morning","C1P1",2024-07-14 06:30:00,7,31.5676408893308
"2024-07-14_East Pier_C1_P2",2024-07-14,"East Pier","morning","C1P2",2024-07-14 07:15:00,5,32.2474611150207
"2024-07-14_East Pier_C2_P1",2024-07-14,"East Pier","morning","C2P1",2024-07-14 08:30:00,6,26.3052401940064
"2024-07-14_East Pier_C2_P2",2024-07-14,"East Pier","morning","C2P2",2024-07-14 09:15:00,2,41.4634401646514
"2024-07-14_East Pier_C2_P3",2024-07-14,"East Pier","morning","C2P3",2024-07-14 10:00:00,7,28.934372002245
"2024-07-14_North Ramp_C1_P1",2024-07-14,"North Ramp","afternoon","C1P1",2024-07-14 14:30:00,15,34.9323845790765
"2024-07-14_North Ramp_C1_P2",2024-07-14,"North Ramp","afternoon","C1P2",2024-07-14 15:15:00,19,34.2860287300533
"2024-07-14_North Ramp_C2_P1",2024-07-14,"North Ramp","afternoon","C2P1",2024-07-14 16:30:00,13,26.8822348841273
"2024-07-14_North Ramp_C2_P2",2024-07-14,"North Ramp","afternoon","C2P2",2024-07-14 17:15:00,13,30.0191481931784
"2024-07-14_North Ramp_C1_P1",2024-07-14,"North Ramp","morning","C1P1",2024-07-14 06:30:00,7,26.8925946190787
"2024-07-14_North Ramp_C1_P2",2024-07-14,"North Ramp","morning","C1P2",2024-07-14 07:15:00,9,20
"2024-07-14_North Ramp_C1_P3",2024-07-14,"North Ramp","morning","C1P3",2024-07-14 08:00:00,11,31.7044049451128
"2024-07-14_North Ramp_C2_P1",2024-07-14,"North Ramp","morning","C2P1",2024-07-14 08:30:00,10,28.2735142140423
"2024-07-14_North Ramp_C2_P2",2024-07-14,"North Ramp","morning","C2P2",2024-07-14 09:15:00,22,34.3122061342612
"2024-07-14_South Ramp_C1_P1",2024-07-14,"South Ramp","afternoon","C1P1",2024-07-14 14:30:00,10,28.7516830708808
"2024-07-14_South Ramp_C1_P2",2024-07-14,"South Ramp","afternoon","C1P2",2024-07-14 15:15:00,8,33.1848146983639
"2024-07-14_South Ramp_C1_P1",2024-07-14,"South Ramp","morning","C1P1",2024-07-14 06:30:00,7,24.5663701181333
"2024-07-14_South Ramp_C1_P2",2024-07-14,"South Ramp","morning","C1P2",2024-07-14 07:15:00,12,31.1079385043374
"2024-07-14_South Ramp_C2_P1",2024-07-14,"South Ramp","morning","C2P1",2024-07-14 08:30:00,8,29.0226045626747
"2024-07-14_South Ramp_C2_P2",2024-07-14,"South Ramp","morning","C2P2",2024-07-14 09:15:00,10,29.3666221919857
"2024-07-14_South Ramp_C2_P3",2024-07-14,"South Ramp","morning","C2P3",2024-07-14 10:00:00,6,29.4997394196654
"2024-07-15_East Pier_C1_P1",2024-07-15,"East Pier","morning","C1P1",2024-07-15 06:30:00,3,28.9952148038518
"2024-07-15_East Pier_C1_P2",2024-07-15,"East Pier","morning","C1P2",2024-07-15 07:15:00,1,29.9454677899009
"2024-07-15_South Ramp_C1_P1",2024-07-15,"South Ramp","morning","C1P1",2024-07-15 06:30:00,3,26.8318086507333
"2024-07-15_South Ramp_C1_P2",2024-07-15,"South Ramp","morning","C1P2",2024-07-15 07:15:00,4,32.0939198089709
"2024-07-15_South Ramp_C1_P3",2024-07-15,"South Ramp","morning","C1P3",2024-07-15 08:00:00,9,23.2207456808353
"2024-07-16_East Pier_C1_P1",2024-07-16,"East Pier","afternoon","C1P1",2024-07-16 14:30:00,4,27.561043477483
"2024-07-16_East Pier_C1_P2",2024-07-16,"East Pier","afternoon","C1P2",2024-07-16 15:15:00,4,29.1146204186927
"2024-07-16_East Pier_C1_P3",2024-07-16,"East Pier","afternoon","C1P3",2024-07-16 16:00:00,2,28.0070987776052
"2024-07-16_East Pier_C2_P1",2024-07-16,"East Pier","afternoon","C2P1",2024-07-16 16:30:00,3,32.926958083566
"2024-07-16_East Pier_C2_P2",2024-07-16,"East Pier","afternoon","C2P2",2024-07-16 17:15:00,4,25.6541547593096
"2024-07-16_East Pier_C2_P3",2024-07-16,"East Pier","afternoon","C2P3",2024-07-16 18:00:00,2,26.5913620801119
"2024-07-16_East Pier_C1_P1",2024-07-16,"East Pier","morning","C1P1",2024-07-16 06:30:00,3,22.6009379019189
"2024-07-16_East Pier_C1_P2",2024-07-16,"East Pier","morning","C1P2",2024-07-16 07:15:00,2,40.5170379287789
"2024-07-16_East Pier_C2_P1",2024-07-16,"East Pier","morning","C2P1",2024-07-16 08:30:00,3,27.6727941757028
"2024-07-16_East Pier_C2_P2",2024-07-16,"East Pier","morning","C2P2",2024-07-16 09:15:00,2,24.4763743767729
"2024-07-16_East Pier_C2_P3",2024-07-16,"East Pier","morning","C2P3",2024-07-16 10:00:00,3,38.9708870796196
"2024-07-16_South Ramp_C1_P1",2024-07-16,"South Ramp","morning","C1P1",2024-07-16 06:30:00,6,23.6363634994653
"2024-07-16_South Ramp_C1_P2",2024-07-16,"South Ramp","morning","C1P2",2024-07-16 07:15:00,4,25.9475678540042
"2024-07-16_South Ramp_C2_P1",2024-07-16,"South Ramp","morning","C2P1",2024-07-16 08:30:00,8,35.8374895574871
"2024-07-16_South Ramp_C2_P2",2024-07-16,"South Ramp","morning","C2P2",2024-07-16 09:15:00,4,34.28900786984
"2024-07-16_South Ramp_C2_P3",2024-07-16,"South Ramp","morning","C2P3",2024-07-16 10:00:00,4,36.6470366561367
"2024-07-17_East Pier_C1_P1",2024-07-17,"East Pier","morning","C1P1",2024-07-17 06:30:00,4,26.3463245895017
"2024-07-17_East Pier_C1_P2",2024-07-17,"East Pier","morning","C1P2",2024-07-17 07:15:00,5,31.6180174320997
"2024-07-17_East Pier_C2_P1",2024-07-17,"East Pier","morning","C2P1",2024-07-17 08:30:00,3,26.0790288031978
"2024-07-17_East Pier_C2_P2",2024-07-17,"East Pier","morning","C2P2",2024-07-17 09:15:00,9,42.0833916155173
"2024-07-17_East Pier_C2_P3",2024-07-17,"East Pier","morning","C2P3",2024-07-17 10:00:00,5,29.1907286076222
"2024-07-17_South Ramp_C1_P1",2024-07-17,"South Ramp","afternoon","C1P1",2024-07-17 14:30:00,4,33.1082702231109
"2024-07-17_South Ramp_C1_P2",2024-07-17,"South Ramp","afternoon","C1P2",2024-07-17 15:15:00,9,26.019554152639
"2024-07-17_South Ramp_C1_P3",2024-07-17,"South Ramp","afternoon","C1P3",2024-07-17 16:00:00,1,25.8513923252655
"2024-07-18_East Pier_C1_P1",2024-07-18,"East Pier","afternoon","C1P1",2024-07-18 14:30:00,3,32.6534483495939
"2024-07-18_East Pier_C1_P2",2024-07-18,"East Pier","afternoon","C1P2",2024-07-18 15:15:00,4,29.8025875158738
"2024-07-18_North Ramp_C1_P1",2024-07-18,"North Ramp","afternoon","C1P1",2024-07-18 14:30:00,9,38.4174104358889
"2024-07-18_North Ramp_C1_P2",2024-07-18,"North Ramp","afternoon","C1P2",2024-07-18 15:15:00,4,28.9161380628305
"2024-07-18_North Ramp_C1_P3",2024-07-18,"North Ramp","afternoon","C1P3",2024-07-18 16:00:00,3,34.1476397444974
"2024-07-18_North Ramp_C2_P1",2024-07-18,"North Ramp","afternoon","C2P1",2024-07-18 16:30:00,4,30.3024402594885
"2024-07-18_North Ramp_C2_P2",2024-07-18,"North Ramp","afternoon","C2P2",2024-07-18 17:15:00,1,24.6793731217543
"2024-07-18_North Ramp_C2_P3",2024-07-18,"North Ramp","afternoon","C2P3",2024-07-18 18:00:00,5,40.0984992250539
"2024-07-18_North Ramp_C1_P1",2024-07-18,"North Ramp","morning","C1P1",2024-07-18 06:30:00,5,20
"2024-07-18_North Ramp_C1_P2",2024-07-18,"North Ramp","morning","C1P2",2024-07-18 07:15:00,11,35.0895005688819
"2024-07-18_South Ramp_C1_P1",2024-07-18,"South Ramp","afternoon","C1P1",2024-07-18 14:30:00,5,31.7132913726414
"2024-07-18_South Ramp_C1_P2",2024-07-18,"South Ramp","afternoon","C1P2",2024-07-18 15:15:00,6,32.0460359319545
"2024-07-18_South Ramp_C1_P3",2024-07-18,"South Ramp","afternoon","C1P3",2024-07-18 16:00:00,7,42.0236286990647
"2024-07-19_East Pier_C1_P1",2024-07-19,"East Pier","afternoon","C1P1",2024-07-19 14:30:00,1,32.1181212083681
"2024-07-19_East Pier_C1_P2",2024-07-19,"East Pier","afternoon","C1P2",2024-07-19 15:15:00,5,22.3261827458966
"2024-07-19_North Ramp_C1_P1",2024-07-19,"North Ramp","afternoon","C1P1",2024-07-19 14:30:00,3,29.5938525424837
"2024-07-19_North Ramp_C1_P2",2024-07-19,"North Ramp","afternoon","C1P2",2024-07-19 15:15:00,8,31.0633349321841
"2024-07-19_North Ramp_C1_P3",2024-07-19,"North Ramp","afternoon","C1P3",2024-07-19 16:00:00,8,25.5842839433491
"2024-07-20_East Pier_C1_P1",2024-07-20,"East Pier","afternoon","C1P1",2024-07-20 14:30:00,3,35.9892783721513
"2024-07-20_East Pier_C1_P2",2024-07-20,"East Pier","afternoon","C1P2",2024-07-20 15:15:00,6,30.5833749037569
"2024-07-20_East Pier_C1_P3",2024-07-20,"East Pier","afternoon","C1P3",2024-07-20 16:00:00,7,25.2360914971768
"2024-07-20_East Pier_C2_P1",2024-07-20,"East Pier","afternoon","C2P1",2024-07-20 16:30:00,13,29.6309338558508
"2024-07-20_East Pier_C2_P2",2024-07-20,"East Pier","afternoon","C2P2",2024-07-20 17:15:00,5,30.7150645710561
"2024-07-20_East Pier_C2_P3",2024-07-20,"East Pier","afternoon","C2P3",2024-07-20 18:00:00,6,26.6878472769009
"2024-07-20_East Pier_C1_P1",2024-07-20,"East Pier","morning","C1P1",2024-07-20 06:30:00,11,29.8255255406284
"2024-07-20_East Pier_C1_P2",2024-07-20,"East Pier","morning","C1P2",2024-07-20 07:15:00,8,20
"2024-07-20_East Pier_C1_P3",2024-07-20,"East Pier","morning","C1P3",2024-07-20 08:00:00,6,31.6095214158386
"2024-07-20_East Pier_C2_P1",2024-07-20,"East Pier","morning","C2P1",2024-07-20 08:30:00,5,32.2152166037669
"2024-07-20_East Pier_C2_P2",2024-07-20,"East Pier","morning","C2P2",2024-07-20 09:15:00,10,28.4968229707963
"2024-07-20_North Ramp_C1_P1",2024-07-20,"North Ramp","afternoon","C1P1",2024-07-20 14:30:00,15,25.1954255831243
"2024-07-20_North Ramp_C1_P2",2024-07-20,"North Ramp","afternoon","C1P2",2024-07-20 15:15:00,15,32.387382758963
"2024-07-20_North Ramp_C2_P1",2024-07-20,"North Ramp","afternoon","C2P1",2024-07-20 16:30:00,10,36.6561272844552
"2024-07-20_North Ramp_C2_P2",2024-07-20,"North Ramp","afternoon","C2P2",2024-07-20 17:15:00,14,26.9931434215955
"2024-07-20_South Ramp_C1_P1",2024-07-20,"South Ramp","afternoon","C1P1",2024-07-20 14:30:00,8,24.7259707455028
"2024-07-20_South Ramp_C1_P2",2024-07-20,"South Ramp","afternoon","C1P2",2024-07-20 15:15:00,6,30.8562494379918
"2024-07-20_South Ramp_C1_P3",2024-07-20,"South Ramp","afternoon","C1P3",2024-07-20 16:00:00,8,31.4664092863817
"2024-07-20_South Ramp_C1_P1",2024-07-20,"South Ramp","morning","C1P1",2024-07-20 06:30:00,10,32.1306219792331
"2024-07-20_South Ramp_C1_P2",2024-07-20,"South Ramp","morning","C1P2",2024-07-20 07:15:00,9,35.6055140760197
"2024-07-20_South Ramp_C1_P3",2024-07-20,"South Ramp","morning","C1P3",2024-07-20 08:00:00,9,20
"2024-07-20_South Ramp_C2_P1",2024-07-20,"South Ramp","morning","C2P1",2024-07-20 08:30:00,12,34.2509393430308
"2024-07-20_South Ramp_C2_P2",2024-07-20,"South Ramp","morning","C2P2",2024-07-20 09:15:00,9,27.1473347874663
"2024-07-20_South Ramp_C2_P3",2024-07-20,"South Ramp","morning","C2P3",2024-07-20 10:00:00,9,27.8628656225035
"2024-07-21_East Pier_C1_P1",2024-07-21,"East Pier","afternoon","C1P1",2024-07-21 14:30:00,10,30.0600398420995
"2024-07-21_East Pier_C1_P2",2024-07-21,"East Pier","afternoon","C1P2",2024-07-21 15:15:00,9,21.1020194813461
"2024-07-21_North Ramp_C1_P1",2024-07-21,"North Ramp","morning","C1P1",2024-07-21 06:30:00,10,36.8541450865245
"2024-07-21_North Ramp_C1_P2",2024-07-21,"North Ramp","morning","C1P2",2024-07-21 07:15:00,17,25.2028093815846
"2024-07-21_South Ramp_C1_P1",2024-07-21,"South Ramp","afternoon","C1P1",2024-07-21 14:30:00,9,32.869217579094
"2024-07-21_South Ramp_C1_P2",2024-07-21,"South Ramp","afternoon","C1P2",2024-07-21 15:15:00,7,23.6795067185214
"2024-07-21_South Ramp_C1_P1",2024-07-21,"South Ramp","morning","C1P1",2024-07-21 06:30:00,9,20
"2024-07-21_South Ramp_C1_P2",2024-07-21,"South Ramp","morning","C1P2",2024-07-21 07:15:00,10,28.3027108102936
"2024-07-21_South Ramp_C2_P1",2024-07-21,"South Ramp","morning","C2P1",2024-07-21 08:30:00,5,32.4394563755387
"2024-07-21_South Ramp_C2_P2",2024-07-21,"South Ramp","morning","C2P2",2024-07-21 09:15:00,5,38.0848550763536
"2024-07-21_South Ramp_C2_P3",2024-07-21,"South Ramp","morning","C2P3",2024-07-21 10:00:00,10,24.42415324401
"2024-07-22_South Ramp_C1_P1",2024-07-22,"South Ramp","morning","C1P1",2024-07-22 06:30:00,2,29.9278025448509
"2024-07-22_South Ramp_C1_P2",2024-07-22,"South Ramp","morning","C1P2",2024-07-22 07:15:00,7,33.5069306426593
"2024-07-22_South Ramp_C1_P3",2024-07-22,"South Ramp","morning","C1P3",2024-07-22 08:00:00,3,28.4591336066256
"2024-07-22_South Ramp_C2_P1",2024-07-22,"South Ramp","morning","C2P1",2024-07-22 08:30:00,1,24.9566052368803
"2024-07-22_South Ramp_C2_P2",2024-07-22,"South Ramp","morning","C2P2",2024-07-22 09:15:00,8,27.7707682233698
"2024-07-22_South Ramp_C2_P3",2024-07-22,"South Ramp","morning","C2P3",2024-07-22 10:00:00,2,31.125967763916
"2024-07-23_North Ramp_C1_P1",2024-07-23,"North Ramp","afternoon","C1P1",2024-07-23 14:30:00,11,36.4703899806324
"2024-07-23_North Ramp_C1_P2",2024-07-23,"North Ramp","afternoon","C1P2",2024-07-23 15:15:00,6,33.6439913920561
"2024-07-23_North Ramp_C2_P1",2024-07-23,"North Ramp","afternoon","C2P1",2024-07-23 16:30:00,2,20
"2024-07-23_North Ramp_C2_P2",2024-07-23,"North Ramp","afternoon","C2P2",2024-07-23 17:15:00,4,27.9731312529776
"2024-07-23_North Ramp_C2_P3",2024-07-23,"North Ramp","afternoon","C2P3",2024-07-23 18:00:00,4,40.5385512408536
"2024-07-23_South Ramp_C1_P1",2024-07-23,"South Ramp","afternoon","C1P1",2024-07-23 14:30:00,4,34.0145261119514
"2024-07-23_South Ramp_C1_P2",2024-07-23,"South Ramp","afternoon","C1P2",2024-07-23 15:15:00,3,40.8968933135672
"2024-07-23_South Ramp_C2_P1",2024-07-23,"South Ramp","afternoon","C2P1",2024-07-23 16:30:00,9,29.1219028204071
"2024-07-23_South Ramp_C2_P2",2024-07-23,"South Ramp","afternoon","C2P2",2024-07-23 17:15:00,3,22.4796666388427
"2024-07-23_South Ramp_C2_P3",2024-07-23,"South Ramp","afternoon","C2P3",2024-07-23 18:00:00,3,26.6445420467306
"2024-07-23_South Ramp_C1_P1",2024-07-23,"South Ramp","morning","C1P1",2024-07-23 06:30:00,5,34.4574816011211
"2024-07-23_South Ramp_C1_P2",2024-07-23,"South Ramp","morning","C1P2",2024-07-23 07:15:00,7,30.5603399388334
"2024-07-23_South Ramp_C2_P1",2024-07-23,"South Ramp","morning","C2P1",2024-07-23 08:30:00,6,27.1972590023419
"2024-07-23_South Ramp_C2_P2",2024-07-23,"South Ramp","morning","C2P2",2024-07-23 09:15:00,5,21.3949012065453
"2024-07-24_East Pier_C1_P1",2024-07-24,"East Pier","afternoon","C1P1",2024-07-24 14:30:00,3,28.0705168862402
"2024-07-24_East Pier_C1_P2",2024-07-24,"East Pier","afternoon","C1P2",2024-07-24 15:15:00,5,31.3999347210242
"2024-07-24_East Pier_C1_P3",2024-07-24,"East Pier","afternoon","C1P3",2024-07-24 16:00:00,1,31.2934329692729
"2024-07-24_North Ramp_C1_P1",2024-07-24,"North Ramp","afternoon","C1P1",2024-07-24 14:30:00,9,32.4973213360995
"2024-07-24_North Ramp_C1_P2",2024-07-24,"North Ramp","afternoon","C1P2",2024-07-24 15:15:00,6,33.3827003185709
"2024-07-25_North Ramp_C1_P1",2024-07-25,"North Ramp","morning","C1P1",2024-07-25 06:30:00,3,37.369229791779
"2024-07-25_North Ramp_C1_P2",2024-07-25,"North Ramp","morning","C1P2",2024-07-25 07:15:00,5,27.1293107334317
"2024-07-25_North Ramp_C1_P3",2024-07-25,"North Ramp","morning","C1P3",2024-07-25 08:00:00,6,25.0491276006573
"2024-07-25_North Ramp_C2_P1",2024-07-25,"North Ramp","morning","C2P1",2024-07-25 08:30:00,9,25.641072872358
"2024-07-25_North Ramp_C2_P2",2024-07-25,"North Ramp","morning","C2P2",2024-07-25 09:15:00,4,25.9071045525592
"2024-07-25_South Ramp_C1_P1",2024-07-25,"South Ramp","morning","C1P1",2024-07-25 06:30:00,7,27.1331764645961
"2024-07-25_South Ramp_C1_P2",2024-07-25,"South Ramp","morning","C1P2",2024-07-25 07:15:00,4,33.1059728590194
"2024-07-25_South Ramp_C1_P3",2024-07-25,"South Ramp","morning","C1P3",2024-07-25 08:00:00,5,28.6793001151529
"2024-07-25_South Ramp_C2_P1",2024-07-25,"South Ramp","morning","C2P1",2024-07-25 08:30:00,4,30.6641150383604
"2024-07-25_South Ramp_C2_P2",2024-07-25,"South Ramp","morning","C2P2",2024-07-25 09:15:00,4,23.2160548057749
"2024-07-25_South Ramp_C2_P3",2024-07-25,"South Ramp","morning","C2P3",2024-07-25 10:00:00,5,25.8194632330615
"2024-07-26_East Pier_C1_P1",2024-07-26,"East Pier","afternoon","C1P1",2024-07-26 14:30:00,2,41.9277272888313
"2024-07-26_East Pier_C1_P2",2024-07-26,"East Pier","afternoon","C1P2",2024-07-26 15:15:00,1,25.5519384106001
"2024-07-26_East Pier_C1_P1",2024-07-26,"East Pier","morning","C1P1",2024-07-26 06:30:00,4,39.633095737383
"2024-07-26_East Pier_C1_P2",2024-07-26,"East Pier","morning","C1P2",2024-07-26 07:15:00,3,34.071664164968
"2024-07-26_East Pier_C1_P3",2024-07-26,"East Pier","morning","C1P3",2024-07-26 08:00:00,6,26.7061425632666
"2024-07-26_North Ramp_C1_P1",2024-07-26,"North Ramp","afternoon","C1P1",2024-07-26 14:30:00,2,27.0499218844937
"2024-07-26_North Ramp_C1_P2",2024-07-26,"North Ramp","afternoon","C1P2",2024-07-26 15:15:00,5,33.5501742184863
"2024-07-26_North Ramp_C2_P1",2024-07-26,"North Ramp","afternoon","C2P1",2024-07-26 16:30:00,10,32.890921228382
"2024-07-26_North Ramp_C2_P2",2024-07-26,"North Ramp","afternoon","C2P2",2024-07-26 17:15:00,8,40.7368063504224
"2024-07-26_South Ramp_C1_P1",2024-07-26,"South Ramp","afternoon","C1P1",2024-07-26 14:30:00,5,28.1195771614845
"2024-07-26_South Ramp_C1_P2",2024-07-26,"South Ramp","afternoon","C1P2",2024-07-26 15:15:00,9,40.5014771207395
"2024-07-26_South Ramp_C1_P3",2024-07-26,"South Ramp","afternoon","C1P3",2024-07-26 16:00:00,4,24.1945742511838
"2024-07-26_South Ramp_C2_P1",2024-07-26,"South Ramp","afternoon","C2P1",2024-07-26 16:30:00,4,26.2907492698291
"2024-07-26_South Ramp_C2_P2",2024-07-26,"South Ramp","afternoon","C2P2",2024-07-26 17:15:00,3,32.4857386938466
"2024-07-26_South Ramp_C2_P3",2024-07-26,"South Ramp","afternoon","C2P3",2024-07-26 18:00:00,4,23.8590309755397
"2024-07-26_South Ramp_C1_P1",2024-07-26,"South Ramp","morning","C1P1",2024-07-26 06:30:00,5,39.508659995149
"2024-07-26_South Ramp_C1_P2",2024-07-26,"South Ramp","morning","C1P2",2024-07-26 07:15:00,2,28.8254925440609
"2024-07-26_South Ramp_C1_P3",2024-07-26,"South Ramp","morning","C1P3",2024-07-26 08:00:00,5,25.1137827171469
"2024-07-27_East Pier_C1_P1",2024-07-27,"East Pier","afternoon","C1P1",2024-07-27 14:30:00,7,29.3249681229471
"2024-07-27_East Pier_C1_P2",2024-07-27,"East Pier","afternoon","C1P2",2024-07-27 15:15:00,6,28.8317535950595
"2024-07-27_East Pier_C1_P3",2024-07-27,"East Pier","afternoon","C1P3",2024-07-27 16:00:00,7,36.8399212291729
"2024-07-27_East Pier_C1_P1",2024-07-27,"East Pier","morning","C1P1",2024-07-27 06:30:00,4,37.3312936640321
"2024-07-27_East Pier_C1_P2",2024-07-27,"East Pier","morning","C1P2",2024-07-27 07:15:00,7,35.8829367603008
"2024-07-27_East Pier_C1_P3",2024-07-27,"East Pier","morning","C1P3",2024-07-27 08:00:00,6,20
"2024-07-27_North Ramp_C1_P1",2024-07-27,"North Ramp","afternoon","C1P1",2024-07-27 14:30:00,9,24.440622122667
"2024-07-27_North Ramp_C1_P2",2024-07-27,"North Ramp","afternoon","C1P2",2024-07-27 15:15:00,10,39.947231287289
"2024-07-27_North Ramp_C1_P3",2024-07-27,"North Ramp","afternoon","C1P3",2024-07-27 16:00:00,12,25.5839754560326
"2024-07-27_North Ramp_C2_P1",2024-07-27,"North Ramp","afternoon","C2P1",2024-07-27 16:30:00,9,33.2094428001862
"2024-07-27_North Ramp_C2_P2",2024-07-27,"North Ramp","afternoon","C2P2",2024-07-27 17:15:00,12,28.816594997724
"2024-07-27_North Ramp_C1_P1",2024-07-27,"North Ramp","morning","C1P1",2024-07-27 06:30:00,10,25.5465410985147
"2024-07-27_North Ramp_C1_P2",2024-07-27,"North Ramp","morning","C1P2",2024-07-27 07:15:00,13,34.5166293591131
"2024-07-27_South Ramp_C1_P1",2024-07-27,"South Ramp","afternoon","C1P1",2024-07-27 14:30:00,15,32.7913685546
"2024-07-27_South Ramp_C1_P2",2024-07-27,"South Ramp","afternoon","C1P2",2024-07-27 15:15:00,10,33.2747063529041
"2024-07-27_South Ramp_C1_P3",2024-07-27,"South Ramp","afternoon","C1P3",2024-07-27 16:00:00,12,28.8707476145543
"2024-07-27_South Ramp_C2_P1",2024-07-27,"South Ramp","afternoon","C2P1",2024-07-27 16:30:00,12,38.4303781734552
"2024-07-27_South Ramp_C2_P2",2024-07-27,"South Ramp","afternoon","C2P2",2024-07-27 17:15:00,11,29.7758055314704
"2024-07-28_East Pier_C1_P1",2024-07-28,"East Pier","afternoon","C1P1",2024-07-28 14:30:00,5,31.2202128934165
"2024-07-28_East Pier_C1_P2",2024-07-28,"East Pier","afternoon","C1P2",2024-07-28 15:15:00,5,30.53180394049
"2024-07-28_East Pier_C1_P3",2024-07-28,"East Pier","afternoon","C1P3",2024-07-28 16:00:00,5,27.4479456412322
"2024-07-28_East Pier_C2_P1",2024-07-28,"East Pier","afternoon","C2P1",2024-07-28 16:30:00,4,27.8065859347283
"2024-07-28_East Pier_C2_P2",2024-07-28,"East Pier","afternoon","C2P2",2024-07-28 17:15:00,10,36.6969033045792
"2024-07-28_North Ramp_C1_P1",2024-07-28,"North Ramp","afternoon","C1P1",2024-07-28 14:30:00,14,20
"2024-07-28_North Ramp_C1_P2",2024-07-28,"North Ramp","afternoon","C1P2",2024-07-28 15:15:00,10,36.983143650661
"2024-07-28_North Ramp_C1_P3",2024-07-28,"North Ramp","afternoon","C1P3",2024-07-28 16:00:00,18,37.1471166163391
"2024-07-28_North Ramp_C1_P1",2024-07-28,"North Ramp","morning","C1P1",2024-07-28 06:30:00,14,30.1201660628912
"2024-07-28_North Ramp_C1_P2",2024-07-28,"North Ramp","morning","C1P2",2024-07-28 07:15:00,13,24.4209339628115
"2024-07-28_South Ramp_C1_P1",2024-07-28,"South Ramp","afternoon","C1P1",2024-07-28 14:30:00,9,32.4407155758087
"2024-07-28_South Ramp_C1_P2",2024-07-28,"South Ramp","afternoon","C1P2",2024-07-28 15:15:00,9,32.3387013424722
"2024-07-28_South Ramp_C2_P1",2024-07-28,"South Ramp","afternoon","C2P1",2024-07-28 16:30:00,5,32.4559259574478
"2024-07-28_South Ramp_C2_P2",2024-07-28,"South Ramp","afternoon","C2P2",2024-07-28 17:15:00,8,36.7434072179513
"2024-07-28_South Ramp_C2_P3",2024-07-28,"South Ramp","afternoon","C2P3",2024-07-28 18:00:00,9,28.8126075314221
"2024-07-28_South Ramp_C1_P1",2024-07-28,"South Ramp","morning","C1P1",2024-07-28 06:30:00,12,25.63676496983
"2024-07-28_South Ramp_C1_P2",2024-07-28,"South Ramp","morning","C1P2",2024-07-28 07:15:00,4,34.3387902265317
"2024-07-28_South Ramp_C2_P1",2024-07-28,"South Ramp","morning","C2P1",2024-07-28 08:30:00,12,30.9038037819192
"2024-07-28_South Ramp_C2_P2",2024-07-28,"South Ramp","morning","C2P2",2024-07-28 09:15:00,13,34.1576856373887
"2024-07-28_South Ramp_C2_P3",2024-07-28,"South Ramp","morning","C2P3",2024-07-28 10:00:00,7,31.2915494028702
"2024-07-29_East Pier_C1_P1",2024-07-29,"East Pier","afternoon","C1P1",2024-07-29 14:30:00,2,35.0592551178713
"2024-07-29_East Pier_C1_P2",2024-07-29,"East Pier","afternoon","C1P2",2024-07-29 15:15:00,4,22.0926292539661
"2024-07-29_East Pier_C1_P3",2024-07-29,"East Pier","afternoon","C1P3",2024-07-29 16:00:00,4,37.8503405693979
"2024-07-29_North Ramp_C1_P1",2024-07-29,"North Ramp","afternoon","C1P1",2024-07-29 14:30:00,5,21.0336699921117
"2024-07-29_North Ramp_C1_P2",2024-07-29,"North Ramp","afternoon","C1P2",2024-07-29 15:15:00,12,36.8870741270052
"2024-07-29_North Ramp_C2_P1",2024-07-29,"North Ramp","afternoon","C2P1",2024-07-29 16:30:00,11,34.0668116147196
"2024-07-29_North Ramp_C2_P2",2024-07-29,"North Ramp","afternoon","C2P2",2024-07-29 17:15:00,9,25.4238070635083
"2024-07-29_South Ramp_C1_P1",2024-07-29,"South Ramp","morning","C1P1",2024-07-29 06:30:00,5,29.7251217817637
"2024-07-29_South Ramp_C1_P2",2024-07-29,"South Ramp","morning","C1P2",2024-07-29 07:15:00,5,30.6561279352699
"2024-07-29_South Ramp_C1_P3",2024-07-29,"South Ramp","morning","C1P3",2024-07-29 08:00:00,4,41.7451088189379
"2024-07-30_East Pier_C1_P1",2024-07-30,"East Pier","morning","C1P1",2024-07-30 06:30:00,5,34.7308287044605
"2024-07-30_East Pier_C1_P2",2024-07-30,"East Pier","morning","C1P2",2024-07-30 07:15:00,2,26.3800295685942
"2024-07-30_East Pier_C2_P1",2024-07-30,"East Pier","morning","C2P1",2024-07-30 08:30:00,3,26.2654365532722
"2024-07-30_East Pier_C2_P2",2024-07-30,"East Pier","morning","C2P2",2024-07-30 09:15:00,4,25.7491242512236
"2024-07-30_East Pier_C2_P3",2024-07-30,"East Pier","morning","C2P3",2024-07-30 10:00:00,4,28.1008843312604
"2024-07-30_South Ramp_C1_P1",2024-07-30,"South Ramp","afternoon","C1P1",2024-07-30 14:30:00,4,20
"2024-07-30_South Ramp_C1_P2",2024-07-30,"South Ramp","afternoon","C1P2",2024-07-30 15:15:00,7,34.760460602596
"2024-07-31_East Pier_C1_P1",2024-07-31,"East Pier","afternoon","C1P1",2024-07-31 14:30:00,2,28.4375262488871
"2024-07-31_East Pier_C1_P2",2024-07-31,"East Pier","afternoon","C1P2",2024-07-31 15:15:00,3,28.9659605106186
"2024-07-31_East Pier_C1_P3",2024-07-31,"East Pier","afternoon","C1P3",2024-07-31 16:00:00,1,24.9817982963955
