"date","location","shift_block","interview_id","party_size","hours_fished","trip_complete","target_species","angler_type","method_type","catch_kept","catch_released","catch_total"
2016-04-01,0,"morning",24668,1,2.31666666666667,FALSE,340,1,1,0,0,0
2016-04-01,0,"morning",24669,1,2.31666666666667,FALSE,340,1,1,0,0,0
2016-04-02,0,"morning",24670,1,1.5,FALSE,850,1,1,0,0,0
2016-04-02,0,"morning",24671,1,1.5,FALSE,850,1,1,0,0,0
2016-04-02,0,"morning",24672,2,0.9,TRUE,785,1,1,0,0,0
2016-04-02,0,"morning",24673,2,0.9,TRUE,785,1,1,0,0,0
2016-04-06,0,"morning",24674,2,1.78333333333333,FALSE,785,1,1,0,0,0
2016-04-06,0,"morning",24675,2,1.78333333333333,FALSE,785,1,1,0,0,0
2016-04-08,0,"afternoon",24676,3,5,FALSE,850,1,1,0,0,0
2016-04-08,0,"afternoon",24677,3,5,FALSE,850,1,1,0,0,0
2016-04-08,0,"afternoon",24678,3,1.5,FALSE,999,1,1,0,0,0
2016-04-08,0,"afternoon",24679,3,1.5,FALSE,999,1,1,0,0,0
2016-04-08,0,"afternoon",24680,4,1.11666666666667,FALSE,850,1,1,0,0,0
2016-04-08,0,"afternoon",24681,4,1.11666666666667,FALSE,850,1,1,0,0,0
2016-04-08,0,"afternoon",24682,2,0.65,FALSE,999,1,1,0,0,0
2016-04-09,0,"morning",24683,2,2.6,TRUE,770,2,1,0,0,0
2016-04-09,0,"morning",24684,2,2.6,TRUE,770,2,1,0,0,0
2016-04-09,0,"morning",24685,2,1.98333333333333,TRUE,610,1,1,0,0,0
2016-04-09,0,"morning",24686,2,1.98333333333333,TRUE,610,1,1,0,0,0
2016-04-09,0,"morning",24687,1,1.13333333333333,TRUE,850,1,1,0,0,0
2016-04-09,0,"morning",24688,1,1.13333333333333,TRUE,850,1,1,0,0,0
2016-04-09,0,"morning",24689,1,1,TRUE,850,1,1,0,0,0
2016-04-09,0,"morning",24690,1,1,TRUE,850,1,1,0,0,0
2016-04-10,0,"morning",24691,1,1.45,FALSE,785,1,1,0,0,0
2016-04-10,0,"morning",24692,1,1.45,FALSE,785,1,1,0,0,0
2016-04-10,0,"morning",24693,3,1,FALSE,999,1,1,0,0,0
2016-04-10,0,"morning",24694,3,1,FALSE,999,1,1,0,0,0
2016-04-10,0,"morning",24695,2,2.53333333333333,FALSE,770,1,1,0,0,0
2016-04-10,0,"morning",24696,2,2.53333333333333,FALSE,770,1,1,0,0,0
2016-04-10,0,"morning",24697,1,3.16666666666667,TRUE,999,2,1,0,0,0
2016-04-10,0,"morning",24698,1,3.16666666666667,TRUE,999,2,1,0,0,0
2016-04-10,0,"morning",24699,3,2.35,TRUE,999,2,1,0,0,0
2016-04-10,0,"morning",24700,3,2.35,TRUE,999,2,1,0,0,0
2016-04-10,0,"morning",24701,1,4.4,TRUE,850,2,1,0,0,0
2016-04-10,0,"morning",24702,1,4.4,TRUE,850,2,1,0,0,0
2016-04-10,0,"morning",24703,4,1.45,TRUE,340,1,1,0,0,0
2016-04-10,0,"morning",24704,4,1.45,TRUE,340,1,1,0,0,0
2016-04-10,0,"morning",24705,1,2.56666666666667,FALSE,999,1,1,0,0,0
2016-04-10,0,"morning",24706,1,2.56666666666667,FALSE,999,1,1,0,0,0
2016-04-10,0,"morning",24707,1,1.5,FALSE,999,1,1,0,0,0
2016-04-10,0,"morning",24708,1,1.5,FALSE,999,1,1,0,0,0
2016-04-12,0,"afternoon",11607,1,0.75,FALSE,785,1,1,0,0,0
2016-04-12,0,"afternoon",11608,1,0.75,FALSE,785,1,1,0,0,0
2016-04-12,0,"afternoon",11609,1,1.33333333333333,FALSE,850,1,1,0,0,0
2016-04-12,0,"afternoon",11610,1,1.33333333333333,FALSE,850,1,1,0,0,0
2016-04-12,0,"afternoon",11611,1,0.9,FALSE,770,1,1,0,0,0
2016-04-12,0,"afternoon",11612,1,0.9,FALSE,770,1,1,0,0,0
2016-04-12,0,"afternoon",11613,3,0.583333333333333,FALSE,999,1,1,0,0,0
2016-04-12,0,"afternoon",11614,3,0.583333333333333,FALSE,999,1,1,0,0,0
2016-04-12,0,"afternoon",11615,2,0.5,FALSE,178,1,1,0,0,0
2016-04-12,0,"afternoon",11616,2,0.5,FALSE,178,1,1,0,0,0
2016-04-12,0,"afternoon",11617,4,1.16666666666667,FALSE,785,1,1,0,0,0
2016-04-12,0,"afternoon",11618,4,1.16666666666667,FALSE,785,1,1,0,0,0
2016-04-12,0,"afternoon",11619,1,0.5,FALSE,610,1,1,0,0,0
2016-04-12,0,"afternoon",11620,1,0.5,FALSE,610,1,1,0,0,0
2016-04-12,0,"afternoon",11621,1,2.5,FALSE,999,1,1,0,0,0
2016-04-12,0,"afternoon",11622,1,2.5,FALSE,999,1,1,0,0,0
2016-04-12,0,"afternoon",11623,2,0.5,FALSE,785,1,1,0,0,0
2016-04-12,0,"afternoon",11624,2,0.5,FALSE,785,1,1,0,0,0
2016-04-12,0,"afternoon",11625,2,0.833333333333333,FALSE,850,1,1,0,0,0
2016-04-12,0,"afternoon",11626,2,0.833333333333333,FALSE,850,1,1,0,0,0
2016-04-13,0,"afternoon",24709,1,2.15,FALSE,770,1,1,0,0,0
2016-04-13,0,"afternoon",24710,1,2.15,FALSE,770,1,1,0,0,0
2016-04-13,0,"afternoon",24711,4,2.01666666666667,FALSE,999,1,1,0,0,0
2016-04-13,0,"afternoon",24712,4,2.01666666666667,FALSE,999,1,1,0,0,0
2016-04-13,0,"afternoon",24713,1,NA,FALSE,NA,1,1,0,0,0
2016-04-13,0,"afternoon",24714,2,1.01666666666667,FALSE,340,1,1,0,0,0
2016-04-13,0,"afternoon",24715,2,1.01666666666667,FALSE,340,1,1,0,0,0
2016-04-13,0,"afternoon",24716,2,0.283333333333333,FALSE,785,1,1,0,0,0
2016-04-13,0,"afternoon",24717,2,0.283333333333333,FALSE,785,1,1,0,0,0
2016-04-13,0,"afternoon",24718,7,1.68333333333333,FALSE,785,1,1,0,0,0
2016-04-13,0,"afternoon",24719,7,1.68333333333333,FALSE,785,1,1,0,0,0
2016-04-13,0,"afternoon",24720,2,1.73333333333333,FALSE,999,1,1,0,0,0
2016-04-13,0,"afternoon",24721,2,1.73333333333333,FALSE,999,1,1,0,0,0
2016-04-13,0,"afternoon",24722,1,0.783333333333333,FALSE,850,1,1,0,0,0
2016-04-13,0,"afternoon",24723,1,0.783333333333333,FALSE,850,1,1,0,0,0
2016-04-13,0,"afternoon",24724,4,1.21666666666667,TRUE,999,1,1,0,0,0
2016-04-13,0,"afternoon",24725,4,1.21666666666667,TRUE,999,1,1,0,0,0
2016-04-13,0,"afternoon",24726,2,2.01666666666667,FALSE,999,1,1,0,0,0
2016-04-13,0,"afternoon",24727,2,2.01666666666667,FALSE,999,1,1,0,0,0
2016-04-16,0,"afternoon",24728,1,4.15,FALSE,850,1,1,0,0,0
2016-04-16,0,"afternoon",24729,1,4.15,FALSE,850,1,1,0,0,0
2016-04-16,0,"afternoon",24730,2,2.66666666666667,FALSE,999,1,1,0,0,0
2016-04-16,0,"afternoon",24731,2,2.66666666666667,FALSE,999,1,1,0,0,0
2016-04-16,0,"afternoon",24732,2,NA,TRUE,NA,1,1,0,0,0
2016-04-16,0,"afternoon",24733,3,1.05,FALSE,340,1,1,0,0,0
2016-04-16,0,"afternoon",24734,3,1.05,FALSE,340,1,1,0,0,0
2016-04-16,0,"afternoon",24735,2,1.1,FALSE,999,1,1,0,0,0
2016-04-16,0,"afternoon",24736,2,1.1,FALSE,999,1,1,0,0,0
2016-04-16,0,"afternoon",24737,2,1,FALSE,340,1,1,0,0,0
2016-04-16,0,"afternoon",24738,2,1,FALSE,340,1,1,0,0,0
2016-04-16,0,"afternoon",24739,2,2.61666666666667,FALSE,340,1,1,0,0,0
2016-04-16,0,"afternoon",24740,2,2.61666666666667,FALSE,340,1,1,0,0,0
2016-04-16,0,"afternoon",24741,3,1,FALSE,999,1,1,0,0,0
2016-04-16,0,"afternoon",24742,3,1,FALSE,999,1,1,0,0,0
2016-04-16,0,"afternoon",24743,2,0.85,FALSE,850,1,1,0,0,0
2016-04-16,0,"afternoon",24744,2,0.85,FALSE,850,1,1,0,0,0
2016-04-17,0,"morning",24745,3,1,FALSE,999,1,1,0,0,0
2016-04-17,0,"morning",24746,3,1,FALSE,999,1,1,0,0,0
2016-04-17,0,"morning",24747,2,1,TRUE,785,1,1,0,0,0
2016-04-17,0,"morning",24748,2,1,TRUE,785,1,1,0,0,0
2016-04-17,0,"morning",24749,1,NA,NA,NA,2,1,0,0,0
2016-04-17,0,"morning",24750,1,4.23333333333333,TRUE,770,2,1,0,0,0
2016-04-17,0,"morning",24751,1,4.23333333333333,TRUE,770,2,1,0,0,0
2016-04-17,0,"morning",24752,1,1.41666666666667,FALSE,340,1,1,0,0,0
2016-04-17,0,"morning",24753,1,1.41666666666667,FALSE,340,1,1,0,0,0
2016-04-18,0,"morning",3948,NA,NA,NA,NA,NA,NA,0,0,0
2016-04-21,0,"morning",954,NA,NA,NA,NA,NA,NA,0,0,0
2016-04-22,0,"morning",67326,2,1.21666666666667,FALSE,999,1,1,0,0,0
2016-04-22,0,"morning",67327,2,1.21666666666667,FALSE,999,1,1,0,0,0
2016-04-22,0,"morning",67328,2,1.21666666666667,FALSE,999,1,1,0,0,0
2016-04-22,0,"morning",67329,2,1.21666666666667,FALSE,999,1,1,0,0,0
2016-04-22,0,"morning",67330,1,1.15,FALSE,999,1,1,0,0,0
2016-04-22,0,"morning",67331,1,1.15,FALSE,999,1,1,0,0,0
2016-04-22,0,"morning",67332,1,1.15,FALSE,999,1,1,0,0,0
2016-04-22,0,"morning",67333,1,1.15,FALSE,999,1,1,0,0,0
2016-04-22,0,"morning",67334,1,1,FALSE,999,1,1,0,0,0
2016-04-22,0,"morning",67335,1,1,FALSE,999,1,1,0,0,0
2016-04-22,0,"morning",67336,1,1,FALSE,999,1,1,0,0,0
2016-04-22,0,"morning",67337,1,1,FALSE,999,1,1,0,0,0
2016-04-22,0,"morning",67338,1,2.13333333333333,FALSE,999,1,1,0,0,0
2016-04-22,0,"morning",67339,1,2.13333333333333,FALSE,999,1,1,0,0,0
2016-04-22,0,"morning",67340,1,2.13333333333333,FALSE,999,1,1,0,0,0
2016-04-22,0,"morning",67341,1,2.13333333333333,FALSE,999,1,1,0,0,0
2016-04-23,0,"afternoon",67342,2,2.61666666666667,FALSE,999,1,1,0,0,0
2016-04-23,0,"afternoon",67343,2,2.61666666666667,FALSE,999,1,1,0,0,0
2016-04-23,0,"afternoon",67344,2,2.61666666666667,FALSE,999,1,1,0,0,0
2016-04-23,0,"afternoon",67345,2,2.61666666666667,FALSE,999,1,1,0,0,0
2016-04-23,0,"afternoon",67346,2,3.36666666666667,FALSE,999,1,1,0,0,0
2016-04-23,0,"afternoon",67347,2,3.36666666666667,FALSE,999,1,1,0,0,0
2016-04-23,0,"afternoon",67348,2,3.36666666666667,FALSE,999,1,1,0,0,0
2016-04-23,0,"afternoon",67349,2,3.36666666666667,FALSE,999,1,1,0,0,0
2016-04-23,0,"afternoon",67350,1,1.6,FALSE,178,1,1,0,0,0
2016-04-23,0,"afternoon",67351,1,1.6,FALSE,178,1,1,0,0,0
2016-04-23,0,"afternoon",67352,1,1.6,FALSE,178,1,1,0,0,0
2016-04-23,0,"afternoon",67353,1,1.6,FALSE,178,1,1,0,0,0
2016-04-23,0,"afternoon",67354,3,2.96666666666667,FALSE,785,1,1,0,0,0
2016-04-23,0,"afternoon",67355,3,2.96666666666667,FALSE,785,1,1,0,0,0
2016-04-23,0,"afternoon",67356,3,2.96666666666667,FALSE,785,1,1,0,0,0
2016-04-23,0,"afternoon",67357,3,2.96666666666667,FALSE,785,1,1,0,0,0
2016-04-23,0,"afternoon",67358,2,1.56666666666667,FALSE,999,1,1,0,0,0
2016-04-23,0,"afternoon",67359,2,1.56666666666667,FALSE,999,1,1,0,0,0
2016-04-23,0,"afternoon",67360,2,1.56666666666667,FALSE,999,1,1,0,0,0
2016-04-23,0,"afternoon",67361,2,1.56666666666667,FALSE,999,1,1,0,0,0
2016-04-23,0,"afternoon",67362,2,0.4,FALSE,999,1,1,0,0,0
2016-04-23,0,"afternoon",67363,2,0.4,FALSE,999,1,1,0,0,0
2016-04-23,0,"afternoon",67364,2,0.4,FALSE,999,1,1,0,0,0
2016-04-23,0,"afternoon",67365,2,0.4,FALSE,999,1,1,0,0,0
2016-04-23,0,"afternoon",67366,3,1.13333333333333,FALSE,999,1,1,0,0,0
2016-04-23,0,"afternoon",67367,3,1.13333333333333,FALSE,999,1,1,0,0,0
2016-04-23,0,"afternoon",67368,3,1.13333333333333,FALSE,999,1,1,0,0,0
2016-04-23,0,"afternoon",67369,3,1.13333333333333,FALSE,999,1,1,0,0,0
2016-04-23,0,"afternoon",67370,2,0.616666666666667,FALSE,999,1,1,0,0,0
2016-04-23,0,"afternoon",67371,2,0.616666666666667,FALSE,999,1,1,0,0,0
2016-04-23,0,"afternoon",67372,2,0.616666666666667,FALSE,999,1,1,0,0,0
2016-04-23,0,"afternoon",67373,2,0.616666666666667,FALSE,999,1,1,0,0,0
2016-04-23,0,"afternoon",67374,4,0.916666666666667,FALSE,730,1,1,0,0,0
2016-04-23,0,"afternoon",67375,4,0.916666666666667,FALSE,730,1,1,0,0,0
2016-04-23,0,"afternoon",67376,4,0.916666666666667,FALSE,730,1,1,0,0,0
2016-04-23,0,"afternoon",67377,4,0.916666666666667,FALSE,730,1,1,0,0,0
2016-04-25,0,"afternoon",24909,1,2.91666666666667,FALSE,178,1,1,0,0,0
2016-04-25,0,"afternoon",24910,2,1.65,FALSE,770,1,1,0,0,0
2016-04-25,0,"afternoon",24911,2,1.65,FALSE,770,1,1,0,0,0
2016-04-25,0,"afternoon",24912,2,1.81666666666667,FALSE,620,1,1,0,0,0
2016-04-25,0,"afternoon",24913,2,1.81666666666667,FALSE,620,1,1,0,0,0
2016-04-25,0,"afternoon",24914,1,NA,NA,NA,1,1,0,0,0
2016-04-25,0,"afternoon",24915,2,1.75,FALSE,360,1,1,0,0,0
2016-04-25,0,"afternoon",24916,2,1.75,FALSE,360,1,1,0,0,0
2016-04-25,0,"afternoon",24917,4,2,FALSE,178,1,1,0,0,0
2016-04-25,0,"afternoon",24918,4,2,FALSE,178,1,1,0,0,0
2016-04-25,0,"afternoon",24919,1,1,FALSE,610,1,1,0,0,0
2016-04-25,0,"afternoon",24920,1,0.5,FALSE,850,1,1,0,0,0
2016-04-25,0,"afternoon",24921,1,0.5,FALSE,850,1,1,0,0,0
2016-04-25,0,"afternoon",24922,2,0.366666666666667,FALSE,785,1,1,0,0,0
2016-04-25,0,"afternoon",24923,2,0.366666666666667,FALSE,785,1,1,0,0,0
2016-04-25,0,"afternoon",24924,1,0.5,FALSE,785,1,1,0,0,0
2016-04-25,0,"afternoon",24925,1,0.5,FALSE,785,1,1,0,0,0
2016-04-25,0,"afternoon",24926,4,1.66666666666667,FALSE,785,1,1,0,0,0
2016-04-25,0,"afternoon",24927,4,1.66666666666667,FALSE,785,1,1,0,0,0
2016-04-25,0,"afternoon",24928,2,1.5,FALSE,360,1,1,0,0,0
2016-04-25,0,"afternoon",24929,2,1.5,FALSE,360,1,1,0,0,0
2016-04-25,0,"afternoon",24930,2,3.66666666666667,TRUE,999,1,1,0,0,0
2016-04-25,0,"afternoon",24931,2,3.66666666666667,TRUE,999,1,1,0,0,0
2016-04-27,0,"afternoon",24962,2,4.41666666666667,TRUE,999,1,1,0,0,0
2016-04-27,0,"afternoon",24963,2,4.41666666666667,TRUE,999,1,1,0,0,0
2016-04-27,0,"afternoon",24964,2,3,FALSE,360,1,1,0,0,0
2016-04-27,0,"afternoon",24965,2,3,FALSE,360,1,1,0,0,0
2016-04-27,0,"afternoon",24966,1,NA,NA,NA,1,1,0,0,0
2016-04-27,0,"afternoon",24967,2,0.5,FALSE,850,1,1,0,0,0
2016-04-27,0,"afternoon",24968,2,0.5,FALSE,850,1,1,0,0,0
2016-04-27,0,"afternoon",24969,1,3,FALSE,610,1,1,0,0,0
2016-04-27,0,"afternoon",24970,1,3,FALSE,610,1,1,0,0,0
2016-04-27,0,"afternoon",24971,3,0.416666666666667,FALSE,999,1,1,0,0,0
2016-04-27,0,"afternoon",24972,3,0.416666666666667,FALSE,999,1,1,0,0,0
2016-04-27,0,"afternoon",24973,2,NA,FALSE,NA,1,1,0,0,0
2016-04-27,0,"afternoon",24974,2,0.583333333333333,FALSE,999,1,1,0,0,0
2016-04-27,0,"afternoon",24975,2,0.583333333333333,FALSE,999,1,1,0,0,0
2016-04-27,0,"afternoon",24976,2,1.08333333333333,FALSE,999,1,1,0,0,0
2016-04-27,0,"afternoon",24977,2,1.08333333333333,FALSE,999,1,1,0,0,0
2016-04-27,0,"afternoon",24978,1,0.216666666666667,FALSE,999,1,1,0,0,0
2016-04-27,0,"afternoon",24979,1,0.216666666666667,FALSE,999,1,1,0,0,0
2016-04-27,0,"afternoon",24980,1,0.5,FALSE,730,1,1,0,0,0
2016-04-27,0,"afternoon",24981,1,0.5,FALSE,730,1,1,0,0,0
2016-04-27,0,"afternoon",24982,4,1.01666666666667,FALSE,360,1,1,0,0,0
2016-04-27,0,"afternoon",24983,4,1.01666666666667,FALSE,360,1,1,0,0,0
2016-04-27,0,"afternoon",24984,2,0.75,TRUE,999,1,1,0,0,0
2016-04-27,0,"afternoon",24985,2,0.75,TRUE,999,1,1,0,0,0
2016-05-01,0,"afternoon",66419,4,1,FALSE,210,1,1,0,0,0
2016-05-01,0,"afternoon",66420,4,1,FALSE,210,1,1,0,0,0
2016-05-01,0,"afternoon",66421,1,NA,FALSE,NA,1,1,0,0,0
2016-05-01,0,"afternoon",66422,1,0.333333333333333,FALSE,999,1,1,0,0,0
2016-05-01,0,"afternoon",66423,1,0.333333333333333,FALSE,999,1,1,0,0,0
2016-05-01,0,"afternoon",66424,1,2,FALSE,785,1,1,0,0,0
2016-05-01,0,"afternoon",66425,1,2,FALSE,785,1,1,0,0,0
2016-05-01,0,"afternoon",66426,2,1,FALSE,999,1,1,0,0,0
2016-05-01,0,"afternoon",66427,2,1,FALSE,999,1,1,0,0,0
2016-05-01,0,"afternoon",66428,1,2,TRUE,862,1,1,0,0,0
2016-05-01,0,"afternoon",66429,1,2,TRUE,862,1,1,0,0,0
2016-05-01,0,"afternoon",66430,3,1.3,FALSE,360,1,1,0,0,0
2016-05-01,0,"afternoon",66431,3,1.3,FALSE,360,1,1,0,0,0
2016-05-01,0,"afternoon",66432,2,0.5,FALSE,770,1,1,0,0,0
2016-05-01,0,"afternoon",66433,2,0.5,FALSE,770,1,1,0,0,0
2016-05-01,0,"afternoon",66434,1,1,FALSE,210,1,1,0,0,0
2016-05-01,0,"afternoon",66435,1,1,FALSE,210,1,1,0,0,0
2016-05-01,0,"afternoon",66436,1,2.41666666666667,TRUE,750,2,1,0,0,0
2016-05-01,0,"afternoon",66437,1,2.41666666666667,TRUE,750,2,1,0,0,0
2016-05-01,0,"afternoon",66911,1,3,FALSE,999,1,1,0,0,0
2016-05-01,0,"afternoon",66912,1,3,FALSE,999,1,1,0,0,0
2016-05-02,0,"afternoon",66438,1,0.55,TRUE,785,1,1,0,0,0
2016-05-02,0,"afternoon",66439,1,0.55,TRUE,785,1,1,0,0,0
2016-05-02,0,"afternoon",66440,3,2.35,FALSE,770,1,1,0,0,0
2016-05-02,0,"afternoon",66441,3,2.35,FALSE,770,1,1,0,0,0
2016-05-02,0,"afternoon",66442,1,3.58333333333333,FALSE,999,1,1,0,0,0
2016-05-02,0,"afternoon",66443,1,3.58333333333333,FALSE,999,1,1,0,0,0
2016-05-02,0,"afternoon",66881,1,0.416666666666667,FALSE,610,1,1,0,0,0
2016-05-02,0,"afternoon",66882,1,0.416666666666667,FALSE,610,1,1,0,0,0
2016-05-02,0,"afternoon",66883,1,3.41666666666667,TRUE,999,1,1,0,0,0
2016-05-02,0,"afternoon",66884,1,3.41666666666667,TRUE,999,1,1,0,0,0
2016-05-02,0,"afternoon",66885,1,1.33333333333333,FALSE,360,1,1,0,0,0
2016-05-02,0,"afternoon",66886,1,1.33333333333333,FALSE,360,1,1,0,0,0
2016-05-02,0,"afternoon",66887,3,4.25,FALSE,999,1,1,0,0,0
2016-05-02,0,"afternoon",66888,3,4.25,FALSE,999,1,1,0,0,0
2016-05-02,0,"afternoon",66889,2,2,FALSE,999,1,1,0,0,0
2016-05-02,0,"afternoon",66890,2,2,FALSE,999,1,1,0,0,0
2016-05-02,0,"afternoon",66891,3,4.56666666666667,FALSE,178,1,1,0,0,0
2016-05-02,0,"afternoon",66892,3,4.56666666666667,FALSE,178,1,1,0,0,0
2016-05-02,0,"afternoon",66893,1,4.83333333333333,FALSE,178,1,1,0,0,0
2016-05-02,0,"afternoon",66894,1,0.783333333333333,FALSE,360,1,1,0,0,0
2016-05-02,0,"afternoon",66895,1,0.783333333333333,FALSE,360,1,1,0,0,0
2016-05-02,0,"afternoon",66896,2,2.03333333333333,FALSE,999,1,1,0,0,0
2016-05-02,0,"afternoon",66897,2,2.03333333333333,FALSE,999,1,1,0,0,0
2016-05-02,0,"afternoon",66898,1,NA,NA,NA,1,1,0,0,0
2016-05-02,0,"afternoon",66899,3,0.366666666666667,FALSE,785,1,1,0,0,0
2016-05-02,0,"afternoon",66900,3,0.366666666666667,FALSE,785,1,1,0,0,0
2016-05-02,0,"afternoon",66901,1,2,FALSE,785,1,1,0,0,0
2016-05-02,0,"afternoon",66902,1,2,FALSE,785,1,1,0,0,0
2016-05-02,0,"afternoon",66903,1,3.16666666666667,FALSE,999,1,1,0,0,0
2016-05-02,0,"afternoon",66904,1,3.16666666666667,FALSE,999,1,1,0,0,0
2016-05-02,0,"afternoon",66905,1,0.5,FALSE,785,1,1,0,0,0
2016-05-02,0,"afternoon",66906,1,0.5,FALSE,785,1,1,0,0,0
2016-05-02,0,"afternoon",66907,3,3.31666666666667,TRUE,999,1,1,0,0,0
2016-05-02,0,"afternoon",66908,3,3.31666666666667,TRUE,999,1,1,0,0,0
2016-05-02,0,"afternoon",66909,1,1.96666666666667,TRUE,850,1,1,0,0,0
2016-05-02,0,"afternoon",66910,1,1.96666666666667,TRUE,850,1,1,0,0,0
2016-05-05,0,"morning",71258,1,1.16666666666667,FALSE,610,1,1,0,0,0
2016-05-05,0,"morning",71259,1,1.16666666666667,FALSE,610,1,1,0,0,0
2016-05-05,0,"morning",71260,1,1.16666666666667,FALSE,610,1,1,0,0,0
2016-05-05,0,"morning",71261,1,1.16666666666667,FALSE,610,1,1,0,0,0
2016-05-05,0,"morning",71262,2,1.33333333333333,FALSE,999,1,1,0,0,0
2016-05-05,0,"morning",71263,2,1.33333333333333,FALSE,999,1,1,0,0,0
2016-05-05,0,"morning",71264,2,1.33333333333333,FALSE,999,1,1,0,0,0
2016-05-05,0,"morning",71265,2,1.33333333333333,FALSE,999,1,1,0,0,0
2016-05-05,0,"morning",71266,1,1.25,FALSE,360,1,1,0,0,0
2016-05-05,0,"morning",71267,1,1.25,FALSE,360,1,1,0,0,0
2016-05-05,0,"morning",71268,1,1.25,FALSE,360,1,1,0,0,0
2016-05-05,0,"morning",71269,1,1.25,FALSE,360,1,1,0,0,0
2016-05-05,0,"morning",71270,2,0.0833333333333333,FALSE,785,1,1,0,0,0
2016-05-05,0,"morning",71271,2,0.0833333333333333,FALSE,785,1,1,0,0,0
2016-05-05,0,"morning",71272,2,0.0833333333333333,FALSE,785,1,1,0,0,0
2016-05-05,0,"morning",71273,2,0.0833333333333333,FALSE,785,1,1,0,0,0
2016-05-05,0,"morning",71274,3,1.5,FALSE,360,1,1,0,0,0
2016-05-05,0,"morning",71275,3,1.5,FALSE,360,1,1,0,0,0
2016-05-05,0,"morning",71276,3,1.5,FALSE,360,1,1,0,0,0
2016-05-05,0,"morning",71277,3,1.5,FALSE,360,1,1,0,0,0
2016-05-05,0,"morning",71278,2,0.0833333333333333,FALSE,999,1,1,0,0,0
2016-05-05,0,"morning",71279,2,0.0833333333333333,FALSE,999,1,1,0,0,0
2016-05-05,0,"morning",71280,2,0.0833333333333333,FALSE,999,1,1,0,0,0
2016-05-05,0,"morning",71281,2,0.0833333333333333,FALSE,999,1,1,0,0,0
2016-05-05,0,"morning",71350,2,11.3166666666667,FALSE,360,1,1,0,0,0
2016-05-05,0,"morning",71351,2,11.3166666666667,FALSE,360,1,1,0,0,0
2016-05-05,0,"morning",71352,2,11.3166666666667,FALSE,360,1,1,0,0,0
2016-05-05,0,"morning",71353,2,11.3166666666667,FALSE,360,1,1,0,0,0
2016-05-05,0,"morning",71354,3,2,FALSE,770,1,1,0,0,0
2016-05-05,0,"morning",71355,3,2,FALSE,770,1,1,0,0,0
2016-05-05,0,"morning",71356,3,2,FALSE,770,1,1,0,0,0
2016-05-05,0,"morning",71357,3,2,FALSE,770,1,1,0,0,0
2016-05-05,0,"morning",71358,1,1.5,TRUE,999,2,1,0,0,0
2016-05-05,0,"morning",71359,1,1.5,TRUE,999,2,1,0,0,0
2016-05-05,0,"morning",71360,1,1.5,TRUE,999,2,1,0,0,0
2016-05-05,0,"morning",71361,1,1.5,TRUE,999,2,1,0,0,0
2016-05-05,0,"morning",71362,2,1.33333333333333,FALSE,999,1,1,0,0,0
2016-05-05,0,"morning",71363,2,1.33333333333333,FALSE,999,1,1,0,0,0
2016-05-05,0,"morning",71364,2,1.33333333333333,FALSE,999,1,1,0,0,0
2016-05-05,0,"morning",71365,2,1.33333333333333,FALSE,999,1,1,0,0,0
2016-05-07,0,"afternoon",25460,2,1.25,FALSE,360,1,1,0,0,0
2016-05-07,0,"afternoon",25461,2,1.25,FALSE,360,1,1,0,0,0
2016-05-07,0,"afternoon",25462,2,1.25,FALSE,360,1,1,0,0,0
2016-05-07,0,"afternoon",25463,2,1.25,FALSE,360,1,1,0,0,0
2016-05-07,0,"afternoon",25464,1,1.08333333333333,FALSE,999,1,1,0,0,0
2016-05-07,0,"afternoon",25465,1,1.08333333333333,FALSE,999,1,1,0,0,0
2016-05-07,0,"afternoon",25466,1,1.08333333333333,FALSE,999,1,1,0,0,0
2016-05-07,0,"afternoon",25467,1,1.08333333333333,FALSE,999,1,1,0,0,0
2016-05-07,0,"afternoon",25468,2,1,FALSE,620,1,1,0,0,0
2016-05-07,0,"afternoon",25469,2,1,FALSE,620,1,1,0,0,0
2016-05-07,0,"afternoon",25470,2,1,FALSE,620,1,1,0,0,0
2016-05-07,0,"afternoon",25471,2,1,FALSE,620,1,1,0,0,0
2016-05-07,0,"afternoon",25472,3,0.566666666666667,FALSE,999,1,1,0,0,0
2016-05-07,0,"afternoon",25473,3,0.566666666666667,FALSE,999,1,1,0,0,0
2016-05-07,0,"afternoon",25474,3,0.566666666666667,FALSE,999,1,1,0,0,0
2016-05-07,0,"afternoon",25475,3,0.566666666666667,FALSE,999,1,1,0,0,0
2016-05-07,0,"afternoon",25476,1,2.16666666666667,FALSE,785,1,1,0,0,0
2016-05-07,0,"afternoon",25477,1,2.16666666666667,FALSE,785,1,1,0,0,0
2016-05-07,0,"afternoon",25478,1,2.16666666666667,FALSE,785,1,1,0,0,0
2016-05-07,0,"afternoon",25479,1,2.16666666666667,FALSE,785,1,1,0,0,0
2016-05-07,0,"afternoon",25480,2,1.25,FALSE,850,1,1,0,0,0
2016-05-07,0,"afternoon",25481,2,1.25,FALSE,850,1,1,0,0,0
2016-05-07,0,"afternoon",25482,2,1.25,FALSE,850,1,1,0,0,0
2016-05-07,0,"afternoon",25483,2,1.25,FALSE,850,1,1,0,0,0
2016-05-07,0,"afternoon",25484,2,3.95,FALSE,999,1,1,0,0,0
2016-05-07,0,"afternoon",25485,2,3.95,FALSE,999,1,1,0,0,0
2016-05-07,0,"afternoon",25486,2,3.95,FALSE,999,1,1,0,0,0
2016-05-07,0,"afternoon",25487,2,3.95,FALSE,999,1,1,0,0,0
2016-05-07,0,"afternoon",25488,4,0.666666666666667,FALSE,999,1,1,0,0,0
2016-05-07,0,"afternoon",25489,4,0.666666666666667,FALSE,999,1,1,0,0,0
2016-05-07,0,"afternoon",25490,4,0.666666666666667,FALSE,999,1,1,0,0,0
2016-05-07,0,"afternoon",25491,4,0.666666666666667,FALSE,999,1,1,0,0,0
2016-05-07,0,"afternoon",25492,1,6.81666666666667,TRUE,999,1,1,0,0,0
2016-05-07,0,"afternoon",25493,1,6.81666666666667,TRUE,999,1,1,0,0,0
2016-05-07,0,"afternoon",25494,1,6.81666666666667,TRUE,999,1,1,0,0,0
2016-05-07,0,"afternoon",25495,1,6.81666666666667,TRUE,999,1,1,0,0,0
2016-05-07,0,"afternoon",25496,2,4.26666666666667,FALSE,785,1,1,0,0,0
2016-05-07,0,"afternoon",25497,2,4.26666666666667,FALSE,785,1,1,0,0,0
2016-05-07,0,"afternoon",25498,2,4.26666666666667,FALSE,785,1,1,0,0,0
2016-05-07,0,"afternoon",25499,2,4.26666666666667,FALSE,785,1,1,0,0,0
2016-05-07,0,"afternoon",25500,4,3.4,FALSE,999,1,1,0,0,0
2016-05-07,0,"afternoon",25501,4,3.4,FALSE,999,1,1,0,0,0
2016-05-07,0,"afternoon",25502,4,3.4,FALSE,999,1,1,0,0,0
2016-05-07,0,"afternoon",25503,4,3.4,FALSE,999,1,1,0,0,0
2016-05-07,0,"afternoon",25504,1,0.933333333333333,FALSE,785,1,1,0,0,0
2016-05-07,0,"afternoon",25505,1,0.933333333333333,FALSE,785,1,1,0,0,0
2016-05-07,0,"afternoon",25506,1,0.933333333333333,FALSE,785,1,1,0,0,0
2016-05-07,0,"afternoon",25507,1,0.933333333333333,FALSE,785,1,1,0,0,0
2016-05-07,0,"afternoon",25508,3,1.25,FALSE,999,1,1,0,0,0
2016-05-07,0,"afternoon",25509,3,1.25,FALSE,999,1,1,0,0,0
2016-05-07,0,"afternoon",25510,3,1.25,FALSE,999,1,1,0,0,0
2016-05-07,0,"afternoon",25511,3,1.25,FALSE,999,1,1,0,0,0
2016-05-07,0,"afternoon",25512,3,0.333333333333333,FALSE,999,1,1,0,0,0
2016-05-07,0,"afternoon",25513,3,0.333333333333333,FALSE,999,1,1,0,0,0
2016-05-07,0,"afternoon",25514,3,0.333333333333333,FALSE,999,1,1,0,0,0
2016-05-07,0,"afternoon",25515,3,0.333333333333333,FALSE,999,1,1,0,0,0
2016-05-07,0,"afternoon",25516,2,2.45,FALSE,999,1,1,0,0,0
2016-05-07,0,"afternoon",25517,2,2.45,FALSE,999,1,1,0,0,0
2016-05-07,0,"afternoon",25518,2,2.45,FALSE,999,1,1,0,0,0
2016-05-07,0,"afternoon",25519,2,2.45,FALSE,999,1,1,0,0,0
2016-05-07,0,"afternoon",25520,2,0.516666666666667,FALSE,850,1,1,0,0,0
2016-05-07,0,"afternoon",25521,2,0.516666666666667,FALSE,850,1,1,0,0,0
2016-05-07,0,"afternoon",25522,2,0.516666666666667,FALSE,850,1,1,0,0,0
2016-05-07,0,"afternoon",25523,2,0.516666666666667,FALSE,850,1,1,0,0,0
2016-05-07,0,"afternoon",25524,2,2.58333333333333,FALSE,999,1,1,0,0,0
2016-05-07,0,"afternoon",25525,2,2.58333333333333,FALSE,999,1,1,0,0,0
2016-05-07,0,"afternoon",25526,2,2.58333333333333,FALSE,999,1,1,0,0,0
2016-05-07,0,"afternoon",25527,2,2.58333333333333,FALSE,999,1,1,0,0,0
2016-05-13,0,"morning",71366,1,0.5,FALSE,610,1,1,0,0,0
2016-05-13,0,"morning",71367,1,0.5,FALSE,610,1,1,0,0,0
2016-05-13,0,"morning",71368,1,0.5,FALSE,610,1,1,0,0,0
2016-05-13,0,"morning",71369,1,0.5,FALSE,610,1,1,0,0,0
2016-05-13,0,"morning",71370,1,0.833333333333333,FALSE,610,1,1,0,0,0
2016-05-13,0,"morning",71371,1,0.833333333333333,FALSE,610,1,1,0,0,0
2016-05-13,0,"morning",71372,1,0.833333333333333,FALSE,610,1,1,0,0,0
2016-05-13,0,"morning",71373,1,0.833333333333333,FALSE,610,1,1,0,0,0
2016-05-13,0,"morning",71374,1,1.11666666666667,FALSE,610,1,1,0,0,0
2016-05-13,0,"morning",71379,1,0.166666666666667,FALSE,850,1,1,0,0,0
2016-05-13,0,"morning",71380,1,0.166666666666667,FALSE,850,1,1,0,0,0
2016-05-13,0,"morning",71381,1,0.166666666666667,FALSE,850,1,1,0,0,0
2016-05-13,0,"morning",71382,1,0.166666666666667,FALSE,850,1,1,0,0,0
2016-05-13,0,"morning",71387,1,1.5,FALSE,360,1,1,0,0,0
2016-05-13,0,"morning",71388,1,1.5,FALSE,360,1,1,0,0,0
2016-05-13,0,"morning",71389,1,1.5,FALSE,360,1,1,0,0,0
2016-05-13,0,"morning",71390,1,1.5,FALSE,360,1,1,0,0,0
2016-05-13,0,"morning",71399,3,NA,NA,NA,1,1,0,0,0
2016-05-13,0,"morning",71433,1,0.833333333333333,FALSE,785,1,1,0,0,0
2016-05-13,0,"morning",71434,1,0.833333333333333,FALSE,785,1,1,0,0,0
2016-05-13,0,"morning",71435,1,0.833333333333333,FALSE,785,1,1,0,0,0
2016-05-13,0,"morning",71436,1,0.833333333333333,FALSE,785,1,1,0,0,0
2016-05-13,0,"morning",71641,1,0.166666666666667,NA,850,1,1,0,0,0
2016-05-13,0,"morning",71642,1,0.166666666666667,NA,850,1,1,0,0,0
2016-05-13,0,"morning",71643,1,0.166666666666667,NA,850,1,1,0,0,0
2016-05-13,0,"morning",71644,1,0.166666666666667,NA,850,1,1,0,0,0
2016-05-13,0,"morning",72155,1,1.25,FALSE,610,1,1,0,0,0
2016-05-13,0,"morning",72156,1,1.25,FALSE,610,1,1,0,0,0
2016-05-13,0,"morning",72157,1,1.25,FALSE,610,1,1,0,0,0
2016-05-13,0,"morning",72158,1,1.25,FALSE,610,1,1,0,0,0
2016-05-13,0,"morning",72159,1,0.833333333333333,FALSE,178,1,1,0,0,0
2016-05-13,0,"morning",72160,1,0.833333333333333,FALSE,178,1,1,0,0,0
2016-05-13,0,"morning",72161,1,0.833333333333333,FALSE,178,1,1,0,0,0
2016-05-13,0,"morning",72162,1,0.833333333333333,FALSE,178,1,1,0,0,0
2016-05-13,0,"morning",72163,1,1.5,FALSE,999,1,1,0,0,0
2016-05-13,0,"morning",72164,1,1.5,FALSE,999,1,1,0,0,0
2016-05-13,0,"morning",72165,1,1.5,FALSE,999,1,1,0,0,0
2016-05-13,0,"morning",72166,1,1.5,FALSE,999,1,1,0,0,0
2016-05-13,0,"morning",72167,3,NA,NA,NA,1,1,0,0,0
2016-05-13,0,"morning",72168,1,1.91666666666667,FALSE,360,1,1,0,0,0
2016-05-13,0,"morning",72169,1,1.91666666666667,FALSE,360,1,1,0,0,0
2016-05-13,0,"morning",72170,1,1.91666666666667,FALSE,360,1,1,0,0,0
2016-05-13,0,"morning",72171,1,1.91666666666667,FALSE,360,1,1,0,0,0
2016-05-13,0,"morning",72172,3,2,FALSE,999,1,1,0,0,0
2016-05-13,0,"morning",72173,3,2,FALSE,999,1,1,0,0,0
2016-05-13,0,"morning",72174,3,2,FALSE,999,1,1,0,0,0
2016-05-13,0,"morning",72175,3,2,FALSE,999,1,1,0,0,0
2016-05-13,0,"morning",72176,2,2.91666666666667,FALSE,360,1,1,0,0,0
2016-05-13,0,"morning",72177,2,2.91666666666667,FALSE,360,1,1,0,0,0
2016-05-13,0,"morning",72178,2,2.91666666666667,FALSE,360,1,1,0,0,0
2016-05-13,0,"morning",72179,2,2.91666666666667,FALSE,360,1,1,0,0,0
2016-05-13,0,"morning",72180,2,0.333333333333333,FALSE,785,1,1,0,0,0
2016-05-13,0,"morning",72181,2,0.333333333333333,FALSE,785,1,1,0,0,0
2016-05-13,0,"morning",72182,2,0.333333333333333,FALSE,785,1,1,0,0,0
2016-05-13,0,"morning",72183,2,0.333333333333333,FALSE,785,1,1,0,0,0
2016-05-13,0,"morning",72184,1,2,FALSE,999,1,1,0,0,0
2016-05-13,0,"morning",72185,1,2,FALSE,999,1,1,0,0,0
2016-05-13,0,"morning",72186,1,2,FALSE,999,1,1,0,0,0
2016-05-13,0,"morning",72187,1,2,FALSE,999,1,1,0,0,0
2016-05-13,0,"morning",72188,1,1,NA,999,1,1,0,0,0
2016-05-13,0,"morning",72189,1,1,NA,999,1,1,0,0,0
2016-05-13,0,"morning",72190,1,1,NA,999,1,1,0,0,0
2016-05-13,0,"morning",72191,1,1,NA,999,1,1,0,0,0
2016-05-13,0,"morning",72192,2,2.66666666666667,FALSE,999,1,1,0,0,0
2016-05-13,0,"morning",72193,2,2.66666666666667,FALSE,999,1,1,0,0,0
2016-05-13,0,"morning",72194,2,2.66666666666667,FALSE,999,1,1,0,0,0
2016-05-13,0,"morning",72195,2,2.66666666666667,FALSE,999,1,1,0,0,0
2016-05-13,0,"morning",72196,2,0.5,FALSE,999,1,1,0,0,0
2016-05-13,0,"morning",72197,2,0.5,FALSE,999,1,1,0,0,0
2016-05-13,0,"morning",72198,2,0.5,FALSE,999,1,1,0,0,0
2016-05-13,0,"morning",72199,2,0.5,FALSE,999,1,1,0,0,0
2016-05-13,0,"morning",72200,1,0.166666666666667,FALSE,999,1,1,0,0,0
2016-05-14,0,"afternoon",72201,2,1.21666666666667,FALSE,770,2,1,0,0,0
2016-05-14,0,"afternoon",72202,2,1.21666666666667,FALSE,770,2,1,0,0,0
2016-05-14,0,"afternoon",72203,2,1.21666666666667,FALSE,770,2,1,0,0,0
2016-05-14,0,"afternoon",72204,2,1.21666666666667,FALSE,770,2,1,0,0,0
2016-05-14,0,"afternoon",72261,2,0.916666666666667,FALSE,360,2,1,0,0,0
2016-05-14,0,"afternoon",72262,2,0.916666666666667,FALSE,360,2,1,0,0,0
2016-05-14,0,"afternoon",72263,2,0.916666666666667,FALSE,360,2,1,0,0,0
2016-05-14,0,"afternoon",72264,2,0.916666666666667,FALSE,360,2,1,0,0,0
2016-05-14,0,"afternoon",72265,3,0.683333333333333,FALSE,999,2,1,0,0,0
2016-05-14,0,"afternoon",72266,3,0.683333333333333,FALSE,999,2,1,0,0,0
2016-05-14,0,"afternoon",72267,3,0.683333333333333,FALSE,999,2,1,0,0,0
2016-05-14,0,"afternoon",72268,3,0.683333333333333,FALSE,999,2,1,0,0,0
2016-05-14,0,"afternoon",72269,4,1.25,FALSE,999,1,1,0,0,0
2016-05-14,0,"afternoon",72270,4,1.25,FALSE,999,1,1,0,0,0
2016-05-14,0,"afternoon",72271,4,1.25,FALSE,999,1,1,0,0,0
2016-05-14,0,"afternoon",72272,4,1.25,FALSE,999,1,1,0,0,0
2016-05-14,0,"afternoon",72273,3,1.95,FALSE,999,1,1,0,0,0
2016-05-14,0,"afternoon",72274,3,1.95,FALSE,999,1,1,0,0,0
2016-05-14,0,"afternoon",72275,3,1.95,FALSE,999,1,1,0,0,0
2016-05-14,0,"afternoon",72276,3,1.95,FALSE,999,1,1,0,0,0
2016-05-14,0,"afternoon",72277,2,0.416666666666667,FALSE,999,1,1,0,0,0
2016-05-14,0,"afternoon",72278,2,0.416666666666667,FALSE,999,1,1,0,0,0
2016-05-14,0,"afternoon",72279,2,0.416666666666667,FALSE,999,1,1,0,0,0
2016-05-14,0,"afternoon",72280,2,0.416666666666667,FALSE,999,1,1,0,0,0
2016-05-14,0,"afternoon",72281,2,3.33333333333333,FALSE,999,1,1,0,0,0
2016-05-14,0,"afternoon",72282,2,3.33333333333333,FALSE,999,1,1,0,0,0
2016-05-14,0,"afternoon",72283,2,3.33333333333333,FALSE,999,1,1,0,0,0
2016-05-14,0,"afternoon",72284,2,3.33333333333333,FALSE,999,1,1,0,0,0
2016-05-14,0,"afternoon",72285,2,2.63333333333333,TRUE,999,2,1,0,0,0
2016-05-14,0,"afternoon",72286,2,2.63333333333333,TRUE,999,2,1,0,0,0
2016-05-14,0,"afternoon",72287,2,2.63333333333333,TRUE,999,2,1,0,0,0
2016-05-14,0,"afternoon",72288,2,2.63333333333333,TRUE,999,2,1,0,0,0
2016-05-14,0,"afternoon",72289,2,2.2,FALSE,999,2,1,0,0,0
2016-05-14,0,"afternoon",72290,2,2.2,FALSE,999,2,1,0,0,0
2016-05-14,0,"afternoon",72291,2,2.2,FALSE,999,2,1,0,0,0
2016-05-14,0,"afternoon",72292,2,2.2,FALSE,999,2,1,0,0,0
2016-05-14,0,"afternoon",72293,2,4.26666666666667,FALSE,999,1,1,0,0,0
2016-05-14,0,"afternoon",72294,2,4.26666666666667,FALSE,999,1,1,0,0,0
2016-05-14,0,"afternoon",72295,2,4.26666666666667,FALSE,999,1,1,0,0,0
2016-05-14,0,"afternoon",72296,2,4.26666666666667,FALSE,999,1,1,0,0,0
2016-05-14,0,"afternoon",72297,2,0.5,FALSE,999,1,1,0,0,0
2016-05-14,0,"afternoon",72298,2,0.5,FALSE,999,1,1,0,0,0
2016-05-14,0,"afternoon",72299,2,0.5,FALSE,999,1,1,0,0,0
2016-05-14,0,"afternoon",72300,2,0.5,FALSE,999,1,1,0,0,0
2016-05-14,0,"afternoon",72301,4,-1.26666666666667,FALSE,610,1,1,0,0,0
2016-05-14,0,"afternoon",72302,4,-1.26666666666667,FALSE,610,1,1,0,0,0
2016-05-14,0,"afternoon",72303,4,-1.26666666666667,FALSE,610,1,1,0,0,0
2016-05-14,0,"afternoon",72304,4,-1.26666666666667,FALSE,610,1,1,0,0,0
2016-05-14,0,"afternoon",72305,2,4.33333333333333,TRUE,360,1,1,0,0,0
2016-05-14,0,"afternoon",72306,2,4.33333333333333,TRUE,360,1,1,0,0,0
2016-05-14,0,"afternoon",72307,2,4.33333333333333,TRUE,360,1,1,0,0,0
2016-05-14,0,"afternoon",72308,2,4.33333333333333,TRUE,360,1,1,0,0,0
2016-05-14,0,"afternoon",72309,1,0.416666666666667,FALSE,999,1,1,0,0,0
2016-05-14,0,"afternoon",72310,1,0.416666666666667,FALSE,999,1,1,0,0,0
2016-05-14,0,"afternoon",72311,1,0.416666666666667,FALSE,999,1,1,0,0,0
2016-05-14,0,"afternoon",72312,1,0.416666666666667,FALSE,999,1,1,0,0,0
2016-05-14,0,"afternoon",72313,1,2.5,TRUE,785,1,1,0,0,0
2016-05-14,0,"afternoon",72314,1,2.5,TRUE,785,1,1,0,0,0
2016-05-14,0,"afternoon",72315,1,2.5,TRUE,785,1,1,0,0,0
2016-05-14,0,"afternoon",72316,1,2.5,TRUE,785,1,1,0,0,0
2016-05-15,0,"morning",72317,6,1.68333333333333,FALSE,360,1,1,0,0,0
2016-05-15,0,"morning",72318,6,1.68333333333333,FALSE,360,1,1,0,0,0
2016-05-15,0,"morning",72319,6,1.68333333333333,FALSE,360,1,1,0,0,0
2016-05-15,0,"morning",72320,6,1.68333333333333,FALSE,360,1,1,0,0,0
2016-05-15,0,"morning",72321,1,1.6,FALSE,360,1,1,0,0,0
2016-05-15,0,"morning",72322,1,1.6,FALSE,360,1,1,0,0,0
2016-05-15,0,"morning",72323,1,1.6,FALSE,360,1,1,0,0,0
2016-05-15,0,"morning",72324,1,1.6,FALSE,360,1,1,0,0,0
2016-05-15,0,"morning",72325,2,4,TRUE,610,1,1,0,0,0
2016-05-15,0,"morning",72326,2,4,TRUE,610,1,1,0,0,0
2016-05-15,0,"morning",72327,2,4,TRUE,610,1,1,0,0,0
2016-05-15,0,"morning",72328,2,4,TRUE,610,1,1,0,0,0
2016-05-15,0,"morning",72329,2,1.9,FALSE,999,1,1,0,0,0
2016-05-15,0,"morning",72330,2,1.9,FALSE,999,1,1,0,0,0
2016-05-15,0,"morning",72331,2,1.9,FALSE,999,1,1,0,0,0
2016-05-15,0,"morning",72332,2,1.9,FALSE,999,1,1,0,0,0
2016-05-15,0,"morning",72333,2,2.31666666666667,FALSE,360,1,1,0,0,0
2016-05-15,0,"morning",72334,2,2.31666666666667,FALSE,360,1,1,0,0,0
2016-05-15,0,"morning",72335,2,2.31666666666667,FALSE,360,1,1,0,0,0
2016-05-15,0,"morning",72336,2,2.31666666666667,FALSE,360,1,1,0,0,0
2016-05-15,0,"morning",72337,1,2.35,TRUE,850,2,1,0,0,0
2016-05-15,0,"morning",72338,1,2.35,TRUE,850,2,1,0,0,0
2016-05-15,0,"morning",72339,1,2.35,TRUE,850,2,1,0,0,0
2016-05-15,0,"morning",72340,1,2.35,TRUE,850,2,1,0,0,0
2016-05-15,0,"morning",72341,1,2.5,TRUE,785,1,1,0,0,0
2016-05-15,0,"morning",72342,1,2.5,TRUE,785,1,1,0,0,0
2016-05-15,0,"morning",72343,1,2.5,TRUE,785,1,1,0,0,0
2016-05-15,0,"morning",72344,1,2.5,TRUE,785,1,1,0,0,0
2016-05-15,0,"morning",72345,3,3.66666666666667,TRUE,770,1,1,0,0,0
2016-05-15,0,"morning",72346,3,3.66666666666667,TRUE,770,1,1,0,0,0
2016-05-15,0,"morning",72347,3,3.66666666666667,TRUE,770,1,1,0,0,0
2016-05-15,0,"morning",72348,3,3.66666666666667,TRUE,770,1,1,0,0,0
2016-05-15,0,"morning",72349,2,2.06666666666667,FALSE,999,1,1,0,0,0
2016-05-15,0,"morning",72350,2,2.06666666666667,FALSE,999,1,1,0,0,0
2016-05-15,0,"morning",72351,2,2.06666666666667,FALSE,999,1,1,0,0,0
2016-05-15,0,"morning",72352,2,2.06666666666667,FALSE,999,1,1,0,0,0
2016-05-15,0,"morning",72353,1,0.733333333333333,FALSE,999,1,1,0,0,0
2016-05-15,0,"morning",72354,1,0.733333333333333,FALSE,999,1,1,0,0,0
2016-05-15,0,"morning",72355,1,0.733333333333333,FALSE,999,1,1,0,0,0
2016-05-15,0,"morning",72356,1,0.733333333333333,FALSE,999,1,1,0,0,0
2016-05-16,0,"afternoon",67604,1,0.8,FALSE,360,1,1,0,0,0
2016-05-16,0,"afternoon",67605,1,0.8,FALSE,360,1,1,0,0,0
2016-05-16,0,"afternoon",67606,1,0.8,FALSE,360,1,1,0,0,0
2016-05-16,0,"afternoon",67607,1,0.8,FALSE,360,1,1,0,0,0
2016-05-16,0,"afternoon",67608,1,0.666666666666667,FALSE,850,1,1,0,0,0
2016-05-16,0,"afternoon",67609,1,0.666666666666667,FALSE,850,1,1,0,0,0
2016-05-16,0,"afternoon",67610,1,0.666666666666667,FALSE,850,1,1,0,0,0
2016-05-16,0,"afternoon",67611,1,0.666666666666667,FALSE,850,1,1,0,0,0
2016-05-16,0,"afternoon",67612,3,1.91666666666667,FALSE,NA,1,1,0,0,0
2016-05-16,0,"afternoon",67613,3,1.91666666666667,FALSE,NA,1,1,0,0,0
2016-05-16,0,"afternoon",67614,1,3.08333333333333,FALSE,178,1,1,0,0,0
2016-05-16,0,"afternoon",67615,1,3.08333333333333,FALSE,178,1,1,0,0,0
2016-05-16,0,"afternoon",67616,1,3.08333333333333,FALSE,178,1,1,0,0,0
2016-05-16,0,"afternoon",67617,1,3.08333333333333,FALSE,178,1,1,0,0,0
2016-05-16,0,"afternoon",67618,2,0.25,FALSE,620,1,1,0,0,0
2016-05-16,0,"afternoon",67619,2,0.25,FALSE,620,1,1,0,0,0
2016-05-16,0,"afternoon",67620,2,0.25,FALSE,620,1,1,0,0,0
2016-05-16,0,"afternoon",67621,2,0.25,FALSE,620,1,1,0,0,0
2016-05-16,0,"afternoon",67622,2,2.25,FALSE,785,1,1,0,0,0
2016-05-16,0,"afternoon",67623,2,2.25,FALSE,785,1,1,0,0,0
2016-05-16,0,"afternoon",67624,2,2.25,FALSE,785,1,1,0,0,0
2016-05-16,0,"afternoon",67625,2,2.25,FALSE,785,1,1,0,0,0
2016-05-16,0,"afternoon",67626,2,0.25,TRUE,850,1,1,0,0,0
2016-05-16,0,"afternoon",67627,2,0.25,TRUE,850,1,1,0,0,0
2016-05-16,0,"afternoon",67628,2,0.25,TRUE,850,1,1,0,0,0
2016-05-16,0,"afternoon",67629,2,0.25,TRUE,850,1,1,0,0,0
2016-05-16,0,"afternoon",67630,1,4.75,TRUE,999,2,1,0,0,0
2016-05-16,0,"afternoon",67631,1,4.75,TRUE,999,2,1,0,0,0
2016-05-16,0,"afternoon",67632,1,4.75,TRUE,999,2,1,0,0,0
2016-05-16,0,"afternoon",67633,1,4.75,TRUE,999,2,1,0,0,0
2016-05-18,0,"morning",67634,1,0.583333333333333,FALSE,360,1,1,0,0,0
2016-05-18,0,"morning",67635,1,0.583333333333333,FALSE,360,1,1,0,0,0
2016-05-18,0,"morning",67636,1,0.583333333333333,FALSE,360,1,1,0,0,0
2016-05-18,0,"morning",67637,1,0.583333333333333,FALSE,360,1,1,0,0,0
2016-05-18,0,"morning",67638,2,1.08333333333333,FALSE,999,1,1,0,0,0
2016-05-18,0,"morning",67639,2,1.08333333333333,FALSE,999,1,1,0,0,0
2016-05-18,0,"morning",67640,2,1.08333333333333,FALSE,999,1,1,0,0,0
2016-05-18,0,"morning",67641,2,1.08333333333333,FALSE,999,1,1,0,0,0
2016-05-18,0,"morning",67642,1,1.83333333333333,FALSE,360,1,1,0,0,0
2016-05-18,0,"morning",67643,1,1.83333333333333,FALSE,360,1,1,0,0,0
2016-05-18,0,"morning",67644,1,1.83333333333333,FALSE,360,1,1,0,0,0
2016-05-18,0,"morning",67645,1,1.83333333333333,FALSE,360,1,1,0,0,0
2016-05-18,0,"morning",67646,4,2.25,FALSE,999,1,1,0,0,0
2016-05-18,0,"morning",67647,4,2.25,FALSE,999,1,1,0,0,0
2016-05-18,0,"morning",67648,4,2.25,FALSE,999,1,1,0,0,0
2016-05-18,0,"morning",67649,4,2.25,FALSE,999,1,1,0,0,0
2016-05-18,0,"morning",67650,1,1.25,FALSE,785,1,1,0,0,0
2016-05-18,0,"morning",67651,1,1.25,FALSE,785,1,1,0,0,0
2016-05-18,0,"morning",67652,1,1.25,FALSE,785,1,1,0,0,0
2016-05-18,0,"morning",67653,1,1.25,FALSE,785,1,1,0,0,0
2016-05-18,0,"morning",67654,1,0.966666666666667,FALSE,360,1,1,0,0,0
2016-05-18,0,"morning",67655,1,0.966666666666667,FALSE,360,1,1,0,0,0
2016-05-18,0,"morning",67656,1,0.966666666666667,FALSE,360,1,1,0,0,0
2016-05-18,0,"morning",67657,1,0.966666666666667,FALSE,360,1,1,0,0,0
2016-05-18,0,"morning",67658,3,1.08333333333333,FALSE,360,1,1,0,0,0
2016-05-18,0,"morning",67659,3,1.08333333333333,FALSE,360,1,1,0,0,0
2016-05-18,0,"morning",67660,3,1.08333333333333,FALSE,360,1,1,0,0,0
2016-05-18,0,"morning",67661,3,1.08333333333333,FALSE,360,1,1,0,0,0
2016-05-18,0,"morning",67662,2,0.333333333333333,FALSE,610,1,1,0,0,0
2016-05-18,0,"morning",67663,2,0.333333333333333,FALSE,610,1,1,0,0,0
2016-05-18,0,"morning",67664,2,0.333333333333333,FALSE,610,1,1,0,0,0
2016-05-18,0,"morning",67665,2,0.333333333333333,FALSE,610,1,1,0,0,0
2016-05-18,0,"morning",67666,1,NA,FALSE,NA,1,1,0,0,0
2016-05-18,0,"morning",67667,1,0.333333333333333,FALSE,360,1,1,0,0,0
2016-05-18,0,"morning",67668,1,0.333333333333333,FALSE,360,1,1,0,0,0
2016-05-18,0,"morning",67669,1,0.333333333333333,FALSE,360,1,1,0,0,0
2016-05-18,0,"morning",67670,1,1,FALSE,999,1,1,0,0,0
2016-05-18,0,"morning",67671,1,1,FALSE,999,1,1,0,0,0
2016-05-18,0,"morning",67672,1,1,FALSE,999,1,1,0,0,0
2016-05-18,0,"morning",67673,1,1,FALSE,999,1,1,0,0,0
2016-05-18,0,"morning",67674,1,0.25,FALSE,370,1,1,0,0,0
2016-05-18,0,"morning",67675,1,0.25,FALSE,370,1,1,0,0,0
2016-05-18,0,"morning",67676,1,0.25,FALSE,370,1,1,0,0,0
2016-05-18,0,"morning",67677,1,0.25,FALSE,370,1,1,0,0,0
2016-05-18,0,"morning",67678,2,1.41666666666667,FALSE,770,1,1,0,0,0
2016-05-18,0,"morning",67679,2,1.41666666666667,FALSE,770,1,1,0,0,0
2016-05-18,0,"morning",67680,2,1.41666666666667,FALSE,770,1,1,0,0,0
2016-05-18,0,"morning",67681,2,1.41666666666667,FALSE,770,1,1,0,0,0
2016-05-18,0,"morning",67682,1,2.75,FALSE,730,1,1,0,0,0
2016-05-18,0,"morning",67683,1,2.75,FALSE,730,1,1,0,0,0
2016-05-18,0,"morning",67684,1,2.75,FALSE,730,1,1,0,0,0
2016-05-18,0,"morning",67685,1,2.75,FALSE,730,1,1,0,0,0
2016-05-18,0,"morning",67686,2,0.25,FALSE,999,1,1,0,0,0
2016-05-18,0,"morning",67687,2,0.25,FALSE,999,1,1,0,0,0
2016-05-18,0,"morning",67688,2,0.25,FALSE,999,1,1,0,0,0
2016-05-18,0,"morning",67689,2,0.25,FALSE,999,1,1,0,0,0
2016-05-18,0,"morning",67690,1,1.83333333333333,FALSE,999,1,1,0,0,0
2016-05-18,0,"morning",67691,1,1.83333333333333,FALSE,999,1,1,0,0,0
2016-05-18,0,"morning",67692,1,1.83333333333333,FALSE,999,1,1,0,0,0
2016-05-18,0,"morning",67693,1,1.83333333333333,FALSE,999,1,1,0,0,0
2016-05-18,0,"morning",67694,2,0.416666666666667,FALSE,850,1,1,0,0,0
2016-05-18,0,"morning",67695,2,0.416666666666667,FALSE,850,1,1,0,0,0
2016-05-18,0,"morning",67696,2,0.416666666666667,FALSE,850,1,1,0,0,0
2016-05-18,0,"morning",67697,2,0.416666666666667,FALSE,850,1,1,0,0,0
2016-05-18,0,"morning",67698,1,0.25,FALSE,178,1,1,0,0,0
2016-05-18,0,"morning",67699,1,0.25,FALSE,178,1,1,0,0,0
2016-05-18,0,"morning",67700,1,0.25,FALSE,178,1,1,0,0,0
2016-05-18,0,"morning",67701,1,0.25,FALSE,178,1,1,0,0,0
2016-05-21,0,"morning",68321,1,2.25,FALSE,360,1,1,0,0,0
2016-05-21,0,"morning",68322,1,2.25,FALSE,360,1,1,0,0,0
2016-05-21,0,"morning",68323,1,2.25,FALSE,360,1,1,0,0,0
2016-05-21,0,"morning",68324,1,2.25,FALSE,360,1,1,0,0,0
2016-05-21,0,"morning",68325,2,9.75,FALSE,350,1,1,0,0,0
2016-05-21,0,"morning",68326,2,9.75,FALSE,350,1,1,0,0,0
2016-05-21,0,"morning",68327,2,9.75,FALSE,350,1,1,0,0,0
2016-05-21,0,"morning",68328,2,9.75,FALSE,350,1,1,0,0,0
2016-05-21,0,"morning",68329,3,8.41666666666667,FALSE,360,1,1,0,0,0
2016-05-21,0,"morning",68330,3,8.41666666666667,FALSE,360,1,1,0,0,0
2016-05-21,0,"morning",68331,3,8.41666666666667,FALSE,360,1,1,0,0,0
2016-05-21,0,"morning",68332,3,8.41666666666667,FALSE,360,1,1,0,0,0
2016-05-21,0,"morning",68333,2,21,FALSE,999,1,1,0,0,0
2016-05-21,0,"morning",68334,2,21,FALSE,999,1,1,0,0,0
2016-05-21,0,"morning",68335,2,21,FALSE,999,1,1,0,0,0
2016-05-21,0,"morning",68336,2,21,FALSE,999,1,1,0,0,0
2016-05-21,0,"morning",68337,2,14.5,FALSE,360,1,1,0,0,0
2016-05-21,0,"morning",68338,2,14.5,FALSE,360,1,1,0,0,0
2016-05-21,0,"morning",68339,2,14.5,FALSE,360,1,1,0,0,0
2016-05-21,0,"morning",68340,2,14.5,FALSE,360,1,1,0,0,0
2016-05-21,0,"morning",68341,1,2,FALSE,999,1,1,0,0,0
2016-05-21,0,"morning",68342,1,2,FALSE,999,1,1,0,0,0
2016-05-21,0,"morning",68343,1,2,FALSE,999,1,1,0,0,0
2016-05-21,0,"morning",68344,1,2,FALSE,999,1,1,0,0,0
2016-05-21,0,"morning",68345,2,1.25,FALSE,850,1,1,0,0,0
2016-05-21,0,"morning",68346,2,1.25,FALSE,850,1,1,0,0,0
2016-05-21,0,"morning",68347,2,1.25,FALSE,850,1,1,0,0,0
2016-05-21,0,"morning",68348,2,1.25,FALSE,850,1,1,0,0,0
2016-05-21,0,"morning",68349,1,1.78333333333333,FALSE,360,1,1,0,0,0
2016-05-21,0,"morning",68350,1,1.78333333333333,FALSE,360,1,1,0,0,0
2016-05-21,0,"morning",68351,1,1.78333333333333,FALSE,360,1,1,0,0,0
2016-05-21,0,"morning",68352,1,1.78333333333333,FALSE,360,1,1,0,0,0
2016-05-21,0,"morning",68353,2,1,FALSE,850,1,1,0,0,0
2016-05-21,0,"morning",68354,2,1,FALSE,850,1,1,0,0,0
2016-05-21,0,"morning",68355,2,1,FALSE,850,1,1,0,0,0
2016-05-21,0,"morning",68356,2,1,FALSE,850,1,1,0,0,0
2016-05-21,0,"morning",68595,1,12.6666666666667,FALSE,360,1,1,0,0,0
2016-05-21,0,"morning",68596,1,12.6666666666667,FALSE,360,1,1,0,0,0
2016-05-21,0,"morning",68597,1,12.6666666666667,FALSE,360,1,1,0,0,0
2016-05-21,0,"morning",68598,1,12.6666666666667,FALSE,360,1,1,0,0,0
2016-05-21,0,"morning",68599,1,0.5,TRUE,999,1,1,0,0,0
2016-05-21,0,"morning",68600,1,0.5,TRUE,999,1,1,0,0,0
2016-05-21,0,"morning",68601,1,0.5,TRUE,999,1,1,0,0,0
2016-05-21,0,"morning",68602,1,0.5,TRUE,999,1,1,0,0,0
2016-05-21,0,"morning",68603,2,1.16666666666667,FALSE,785,1,1,0,0,0
2016-05-21,0,"morning",68604,2,1.16666666666667,FALSE,785,1,1,0,0,0
2016-05-21,0,"morning",68605,2,1.16666666666667,FALSE,785,1,1,0,0,0
2016-05-21,0,"morning",68606,2,1.16666666666667,FALSE,785,1,1,0,0,0
2016-05-21,0,"morning",68607,2,1.91666666666667,TRUE,850,2,1,0,0,0
2016-05-21,0,"morning",68608,2,1.91666666666667,TRUE,850,2,1,0,0,0
2016-05-21,0,"morning",68609,2,1.91666666666667,TRUE,850,2,1,0,0,0
2016-05-21,0,"morning",68610,2,1.91666666666667,TRUE,850,2,1,0,0,0
2016-05-21,0,"morning",68611,1,0.5,TRUE,785,1,1,0,0,0
2016-05-21,0,"morning",68612,1,0.5,TRUE,785,1,1,0,0,0
2016-05-21,0,"morning",68613,1,0.5,TRUE,785,1,1,0,0,0
2016-05-21,0,"morning",68614,1,0.5,TRUE,785,1,1,0,0,0
2016-05-21,0,"morning",68615,2,0.75,FALSE,999,1,1,0,0,0
2016-05-21,0,"morning",68616,2,0.75,FALSE,999,1,1,0,0,0
2016-05-21,0,"morning",68617,2,0.75,FALSE,999,1,1,0,0,0
2016-05-21,0,"morning",68618,2,0.75,FALSE,999,1,1,0,0,0
2016-05-21,0,"morning",68619,1,1,FALSE,178,1,1,0,0,0
2016-05-21,0,"morning",68620,1,1,FALSE,178,1,1,0,0,0
2016-05-21,0,"morning",68621,1,1,FALSE,178,1,1,0,0,0
2016-05-21,0,"morning",68622,1,1,FALSE,178,1,1,0,0,0
2016-05-21,0,"morning",68627,2,1,FALSE,360,1,1,0,0,0
2016-05-21,0,"morning",68628,2,1,FALSE,360,1,1,0,0,0
2016-05-21,0,"morning",68629,2,1,FALSE,360,1,1,0,0,0
2016-05-21,0,"morning",68630,2,1,FALSE,360,1,1,0,0,0
2016-05-21,0,"morning",68631,1,1.83333333333333,FALSE,770,1,1,0,0,0
2016-05-21,0,"morning",68632,1,1.83333333333333,FALSE,770,1,1,0,0,0
2016-05-21,0,"morning",68633,1,1.83333333333333,FALSE,770,1,1,0,0,0
2016-05-21,0,"morning",68634,1,1.83333333333333,FALSE,770,1,1,0,0,0
2016-05-21,0,"morning",68639,8,3.91666666666667,FALSE,360,1,1,0,0,0
2016-05-21,0,"morning",68640,8,3.91666666666667,FALSE,360,1,1,0,0,0
2016-05-21,0,"morning",68641,8,3.91666666666667,FALSE,360,1,1,0,0,0
2016-05-21,0,"morning",68642,8,3.91666666666667,FALSE,360,1,1,0,0,0
2016-05-21,0,"morning",68647,2,8.16666666666667,FALSE,360,1,1,0,0,0
2016-05-21,0,"morning",68648,2,8.16666666666667,FALSE,360,1,1,0,0,0
2016-05-21,0,"morning",68649,2,8.16666666666667,FALSE,360,1,1,0,0,0
2016-05-21,0,"morning",68650,2,8.16666666666667,FALSE,360,1,1,0,0,0
2016-05-21,0,"morning",68651,3,2.41666666666667,FALSE,999,1,1,0,0,0
2016-05-21,0,"morning",68652,3,2.41666666666667,FALSE,999,1,1,0,0,0
2016-05-21,0,"morning",68653,3,2.41666666666667,FALSE,999,1,1,0,0,0
2016-05-21,0,"morning",68654,3,2.41666666666667,FALSE,999,1,1,0,0,0
2016-05-21,0,"morning",68655,1,NA,TRUE,NA,1,1,0,0,0
2016-05-21,0,"morning",68656,1,1.75,FALSE,785,1,1,0,0,0
2016-05-21,0,"morning",68657,1,1.75,FALSE,785,1,1,0,0,0
2016-05-21,0,"morning",68658,1,1.75,FALSE,785,1,1,0,0,0
2016-05-21,0,"morning",68659,1,1.75,FALSE,785,1,1,0,0,0
2016-05-21,0,"morning",68664,2,0.75,FALSE,850,1,1,0,0,0
2016-05-21,0,"morning",68665,2,0.75,FALSE,850,1,1,0,0,0
2016-05-21,0,"morning",68666,2,0.75,FALSE,850,1,1,0,0,0
2016-05-21,0,"morning",68667,2,0.75,FALSE,850,1,1,0,0,0
2016-05-21,0,"morning",68668,1,0.583333333333333,FALSE,999,1,1,0,0,0
2016-05-21,0,"morning",68669,1,0.583333333333333,FALSE,999,1,1,0,0,0
2016-05-21,0,"morning",68670,1,0.583333333333333,FALSE,999,1,1,0,0,0
2016-05-21,0,"morning",68671,1,0.583333333333333,FALSE,999,1,1,0,0,0
2016-05-21,0,"morning",68676,1,0.5,FALSE,999,1,1,0,0,0
2016-05-21,0,"morning",68677,1,0.5,FALSE,999,1,1,0,0,0
2016-05-21,0,"morning",68678,1,0.5,FALSE,999,1,1,0,0,0
2016-05-21,0,"morning",68679,1,0.5,FALSE,999,1,1,0,0,0
2016-05-21,0,"morning",68680,4,3.41666666666667,FALSE,178,1,1,0,0,0
2016-05-21,0,"morning",68681,4,3.41666666666667,FALSE,178,1,1,0,0,0
2016-05-21,0,"morning",68682,4,3.41666666666667,FALSE,178,1,1,0,0,0
2016-05-21,0,"morning",68683,4,3.41666666666667,FALSE,178,1,1,0,0,0
2016-05-22,0,"morning",68688,1,1.66666666666667,FALSE,770,1,1,0,0,0
2016-05-22,0,"morning",68689,1,1.66666666666667,FALSE,770,1,1,0,0,0
2016-05-22,0,"morning",68690,1,1.66666666666667,FALSE,770,1,1,0,0,0
2016-05-22,0,"morning",68691,1,1.66666666666667,FALSE,770,1,1,0,0,0
2016-05-22,0,"morning",68696,1,2.41666666666667,FALSE,750,1,1,0,0,0
2016-05-22,0,"morning",68697,1,2.41666666666667,FALSE,750,1,1,0,0,0
2016-05-22,0,"morning",68698,1,2.41666666666667,FALSE,750,1,1,0,0,0
2016-05-22,0,"morning",68699,1,2.41666666666667,FALSE,750,1,1,0,0,0
2016-05-22,0,"morning",68700,2,19.1666666666667,FALSE,360,1,1,0,0,0
2016-05-22,0,"morning",68701,2,19.1666666666667,FALSE,360,1,1,0,0,0
2016-05-22,0,"morning",68702,2,19.1666666666667,FALSE,360,1,1,0,0,0
2016-05-22,0,"morning",68703,2,19.1666666666667,FALSE,360,1,1,0,0,0
2016-05-22,0,"morning",68708,1,1.91666666666667,FALSE,999,1,1,0,0,0
2016-05-22,0,"morning",68709,1,1.91666666666667,FALSE,999,1,1,0,0,0
2016-05-22,0,"morning",68710,1,1.91666666666667,FALSE,999,1,1,0,0,0
2016-05-22,0,"morning",68711,1,1.91666666666667,FALSE,999,1,1,0,0,0
2016-05-22,0,"morning",68712,2,2.5,TRUE,999,2,1,0,0,0
2016-05-22,0,"morning",68713,2,2.5,TRUE,999,2,1,0,0,0
2016-05-22,0,"morning",68714,2,2.5,TRUE,999,2,1,0,0,0
2016-05-22,0,"morning",68715,2,2.5,TRUE,999,2,1,0,0,0
2016-05-22,0,"morning",68716,1,1.75,FALSE,999,1,1,0,0,0
2016-05-22,0,"morning",68717,1,1.75,FALSE,999,1,1,0,0,0
2016-05-22,0,"morning",68718,1,1.75,FALSE,999,1,1,0,0,0
2016-05-22,0,"morning",68719,1,1.75,FALSE,999,1,1,0,0,0
2016-05-22,0,"morning",68720,1,3,FALSE,850,1,1,0,0,0
2016-05-22,0,"morning",68721,1,3,FALSE,850,1,1,0,0,0
2016-05-22,0,"morning",68722,1,3,FALSE,850,1,1,0,0,0
2016-05-22,0,"morning",68723,1,3,FALSE,850,1,1,0,0,0
2016-05-22,0,"morning",68728,1,1,FALSE,999,1,1,0,0,0
2016-05-22,0,"morning",68729,1,1,FALSE,999,1,1,0,0,0
2016-05-22,0,"morning",68730,1,1,FALSE,999,1,1,0,0,0
2016-05-22,0,"morning",68731,1,1,FALSE,999,1,1,0,0,0
2016-05-22,0,"morning",68732,2,0.833333333333333,FALSE,785,1,1,0,0,0
2016-05-22,0,"morning",68733,2,0.833333333333333,FALSE,785,1,1,0,0,0
2016-05-22,0,"morning",68734,2,0.833333333333333,FALSE,785,1,1,0,0,0
2016-05-22,0,"morning",68735,2,0.833333333333333,FALSE,785,1,1,0,0,0
2016-05-22,0,"morning",68736,2,2.5,TRUE,360,2,1,0,0,0
2016-05-22,0,"morning",68737,2,2.5,TRUE,360,2,1,0,0,0
2016-05-22,0,"morning",68738,2,2.5,TRUE,360,2,1,0,0,0
2016-05-22,0,"morning",68739,2,2.5,TRUE,360,2,1,0,0,0
2016-05-22,0,"morning",68740,2,1.41666666666667,FALSE,360,1,1,0,0,0
2016-05-22,0,"morning",68741,2,1.41666666666667,FALSE,360,1,1,0,0,0
2016-05-22,0,"morning",68742,2,1.41666666666667,FALSE,360,1,1,0,0,0
2016-05-22,0,"morning",68743,2,1.41666666666667,FALSE,360,1,1,0,0,0
2016-05-22,0,"morning",68744,2,1.41666666666667,FALSE,999,1,1,0,0,0
2016-05-22,0,"morning",68745,2,1.41666666666667,FALSE,999,1,1,0,0,0
2016-05-22,0,"morning",68746,2,1.41666666666667,FALSE,999,1,1,0,0,0
2016-05-22,0,"morning",68747,2,1.41666666666667,FALSE,999,1,1,0,0,0
2016-05-22,0,"morning",68748,3,1.25,FALSE,999,1,1,0,0,0
2016-05-22,0,"morning",68749,3,1.25,FALSE,999,1,1,0,0,0
2016-05-22,0,"morning",68750,3,1.25,FALSE,999,1,1,0,0,0
2016-05-22,0,"morning",68751,3,1.25,FALSE,999,1,1,0,0,0
2016-05-22,0,"morning",68752,1,0.833333333333333,FALSE,999,1,1,0,0,0
2016-05-22,0,"morning",68753,1,0.833333333333333,FALSE,999,1,1,0,0,0
2016-05-22,0,"morning",68754,1,0.833333333333333,FALSE,999,1,1,0,0,0
2016-05-22,0,"morning",68755,1,0.833333333333333,FALSE,999,1,1,0,0,0
2016-05-22,0,"morning",68756,3,1,FALSE,999,1,1,0,0,0
2016-05-22,0,"morning",68757,3,1,FALSE,999,1,1,0,0,0
2016-05-22,0,"morning",68758,3,1,FALSE,999,1,1,0,0,0
2016-05-22,0,"morning",68759,3,1,FALSE,999,1,1,0,0,0
2016-05-22,0,"morning",68760,1,2.33333333333333,FALSE,999,1,1,0,0,0
2016-05-22,0,"morning",68761,1,2.33333333333333,FALSE,999,1,1,0,0,0
2016-05-22,0,"morning",68762,1,2.33333333333333,FALSE,999,1,1,0,0,0
2016-05-22,0,"morning",68763,1,2.33333333333333,FALSE,999,1,1,0,0,0
2016-05-22,0,"morning",68764,4,1.91666666666667,FALSE,999,1,1,0,0,0
2016-05-22,0,"morning",68765,4,1.91666666666667,FALSE,999,1,1,0,0,0
2016-05-22,0,"morning",68766,4,1.91666666666667,FALSE,999,1,1,0,0,0
2016-05-22,0,"morning",68767,4,1.91666666666667,FALSE,999,1,1,0,0,0
2016-05-22,0,"morning",68768,2,2.08333333333333,FALSE,999,1,1,0,0,0
2016-05-22,0,"morning",68769,2,2.08333333333333,FALSE,999,1,1,0,0,0
2016-05-22,0,"morning",68770,2,2.08333333333333,FALSE,999,1,1,0,0,0
2016-05-22,0,"morning",68771,2,2.08333333333333,FALSE,999,1,1,0,0,0
2016-05-22,0,"morning",68772,5,1.16666666666667,FALSE,999,1,1,0,0,0
2016-05-22,0,"morning",68773,5,1.16666666666667,FALSE,999,1,1,0,0,0
2016-05-22,0,"morning",68774,5,1.16666666666667,FALSE,999,1,1,0,0,0
2016-05-22,0,"morning",68775,5,1.16666666666667,FALSE,999,1,1,0,0,0
2016-05-22,0,"morning",68776,2,2.33333333333333,FALSE,999,1,1,0,0,0
2016-05-22,0,"morning",68777,2,2.33333333333333,FALSE,999,1,1,0,0,0
2016-05-22,0,"morning",68778,2,2.33333333333333,FALSE,999,1,1,0,0,0
2016-05-22,0,"morning",68779,2,2.33333333333333,FALSE,999,1,1,0,0,0
2016-05-23,0,"morning",68780,1,1.5,FALSE,360,1,1,0,0,0
2016-05-23,0,"morning",68781,1,1.5,FALSE,360,1,1,0,0,0
2016-05-23,0,"morning",68782,1,1.5,FALSE,360,1,1,0,0,0
2016-05-23,0,"morning",68783,1,1.5,FALSE,360,1,1,0,0,0
2016-05-23,0,"morning",68784,1,0.5,FALSE,620,1,1,0,0,0
2016-05-23,0,"morning",68785,1,0.5,FALSE,620,1,1,0,0,0
2016-05-23,0,"morning",68786,1,0.5,FALSE,620,1,1,0,0,0
2016-05-23,0,"morning",68787,1,0.5,FALSE,620,1,1,0,0,0
2016-05-23,0,"morning",68792,1,0.916666666666667,FALSE,785,1,1,0,0,0
2016-05-23,0,"morning",68793,1,0.916666666666667,FALSE,785,1,1,0,0,0
2016-05-23,0,"morning",68794,1,0.916666666666667,FALSE,785,1,1,0,0,0
2016-05-23,0,"morning",68795,1,0.916666666666667,FALSE,785,1,1,0,0,0
2016-05-23,0,"morning",68800,1,4.75,FALSE,770,1,1,0,0,0
2016-05-23,0,"morning",68801,1,4.75,FALSE,770,1,1,0,0,0
2016-05-23,0,"morning",68802,1,4.75,FALSE,770,1,1,0,0,0
2016-05-23,0,"morning",68803,1,4.75,FALSE,770,1,1,0,0,0
2016-05-23,0,"morning",68808,1,3,FALSE,360,1,1,0,0,0
2016-05-23,0,"morning",68809,1,3,FALSE,360,1,1,0,0,0
2016-05-23,0,"morning",68810,1,3,FALSE,360,1,1,0,0,0
2016-05-23,0,"morning",68811,1,3,FALSE,360,1,1,0,0,0
2016-05-23,0,"morning",68812,4,2,FALSE,360,1,1,0,0,0
2016-05-23,0,"morning",68813,4,2,FALSE,360,1,1,0,0,0
2016-05-23,0,"morning",68814,4,2,FALSE,360,1,1,0,0,0
2016-05-23,0,"morning",68815,4,2,FALSE,360,1,1,0,0,0
2016-05-23,0,"morning",68820,1,0.666666666666667,TRUE,722,1,1,0,0,0
2016-05-23,0,"morning",68821,1,0.666666666666667,TRUE,722,1,1,0,0,0
2016-05-23,0,"morning",68822,1,0.666666666666667,TRUE,722,1,1,0,0,0
2016-05-23,0,"morning",68823,1,0.666666666666667,TRUE,722,1,1,0,0,0
2016-05-23,0,"morning",68828,1,0.916666666666667,FALSE,610,1,1,0,0,0
2016-05-23,0,"morning",68829,1,0.916666666666667,FALSE,610,1,1,0,0,0
2016-05-23,0,"morning",68830,1,0.916666666666667,FALSE,610,1,1,0,0,0
2016-05-23,0,"morning",68831,1,0.916666666666667,FALSE,610,1,1,0,0,0
2016-05-24,0,"afternoon",68852,1,2.08333333333333,FALSE,360,1,1,0,0,0
2016-05-24,0,"afternoon",68853,1,2.08333333333333,FALSE,360,1,1,0,0,0
2016-05-24,0,"afternoon",68854,1,2.08333333333333,FALSE,360,1,1,0,0,0
2016-05-24,0,"afternoon",68855,1,2.08333333333333,FALSE,360,1,1,0,0,0
2016-05-24,0,"afternoon",68856,2,2.33333333333333,TRUE,785,1,1,0,0,0
2016-05-24,0,"afternoon",68857,2,2.33333333333333,TRUE,785,1,1,0,0,0
2016-05-24,0,"afternoon",68858,2,2.33333333333333,TRUE,785,1,1,0,0,0
2016-05-24,0,"afternoon",68859,2,2.33333333333333,TRUE,785,1,1,0,0,0
2016-05-24,0,"afternoon",68864,1,3.5,FALSE,750,1,1,0,0,0
2016-05-24,0,"afternoon",68865,1,3.5,FALSE,750,1,1,0,0,0
2016-05-24,0,"afternoon",68866,1,3.5,FALSE,750,1,1,0,0,0
2016-05-24,0,"afternoon",68867,1,3.5,FALSE,750,1,1,0,0,0
2016-05-24,0,"afternoon",68872,1,2.75,FALSE,999,1,1,0,0,0
2016-05-24,0,"afternoon",68873,1,2.75,FALSE,999,1,1,0,0,0
2016-05-24,0,"afternoon",68874,1,2.75,FALSE,999,1,1,0,0,0
2016-05-24,0,"afternoon",68875,1,2.75,FALSE,999,1,1,0,0,0
2016-05-24,0,"afternoon",68876,2,0.25,FALSE,770,1,1,0,0,0
2016-05-24,0,"afternoon",68877,2,0.25,FALSE,770,1,1,0,0,0
2016-05-24,0,"afternoon",68878,2,0.25,FALSE,770,1,1,0,0,0
2016-05-24,0,"afternoon",68879,2,0.25,FALSE,770,1,1,0,0,0
2016-05-24,0,"afternoon",68880,1,1.75,FALSE,999,1,1,0,0,0
2016-05-24,0,"afternoon",68881,1,1.75,FALSE,999,1,1,0,0,0
2016-05-24,0,"afternoon",68882,1,1.75,FALSE,999,1,1,0,0,0
2016-05-24,0,"afternoon",68883,1,1.75,FALSE,999,1,1,0,0,0
2016-05-24,0,"afternoon",68884,2,1,FALSE,360,1,1,0,0,0
2016-05-24,0,"afternoon",68885,2,1,FALSE,360,1,1,0,0,0
2016-05-24,0,"afternoon",68886,2,1,FALSE,360,1,1,0,0,0
2016-05-24,0,"afternoon",68887,2,1,FALSE,360,1,1,0,0,0
2016-05-24,0,"afternoon",68892,1,0.166666666666667,FALSE,178,1,1,0,0,0
2016-05-24,0,"afternoon",68893,1,0.166666666666667,FALSE,178,1,1,0,0,0
2016-05-24,0,"afternoon",68894,1,0.166666666666667,FALSE,178,1,1,0,0,0
2016-05-24,0,"afternoon",68895,1,0.166666666666667,FALSE,178,1,1,0,0,0
2016-05-24,0,"afternoon",68896,1,NA,FALSE,NA,1,1,0,0,0
2016-05-24,0,"afternoon",68897,2,0.583333333333333,FALSE,360,1,1,0,0,0
2016-05-24,0,"afternoon",68898,2,0.583333333333333,FALSE,360,1,1,0,0,0
2016-05-24,0,"afternoon",68899,2,0.583333333333333,FALSE,360,1,1,0,0,0
2016-05-24,0,"afternoon",68900,2,0.583333333333333,FALSE,360,1,1,0,0,0
2016-05-24,0,"afternoon",68901,3,3.25,TRUE,610,1,1,0,0,0
2016-05-24,0,"afternoon",68902,3,3.25,TRUE,610,1,1,0,0,0
2016-05-24,0,"afternoon",68903,3,3.25,TRUE,610,1,1,0,0,0
2016-05-24,0,"afternoon",68904,3,3.25,TRUE,610,1,1,0,0,0
2016-05-24,0,"afternoon",68905,2,2.41666666666667,FALSE,999,1,1,0,0,0
2016-05-24,0,"afternoon",68906,2,2.41666666666667,FALSE,999,1,1,0,0,0
2016-05-24,0,"afternoon",68907,2,2.41666666666667,FALSE,999,1,1,0,0,0
2016-05-24,0,"afternoon",68908,2,2.41666666666667,FALSE,999,1,1,0,0,0
2016-05-24,0,"afternoon",68909,2,2.83333333333333,TRUE,850,2,1,0,0,0
2016-05-24,0,"afternoon",68910,2,2.83333333333333,TRUE,850,2,1,0,0,0
2016-05-24,0,"afternoon",68911,2,2.83333333333333,TRUE,850,2,1,0,0,0
2016-05-24,0,"afternoon",68912,2,2.83333333333333,TRUE,850,2,1,0,0,0
2016-05-24,0,"afternoon",68917,1,NA,FALSE,NA,1,1,0,0,0
2016-05-24,0,"afternoon",68918,1,1.5,FALSE,999,1,1,0,0,0
2016-05-24,0,"afternoon",68919,1,1.5,FALSE,999,1,1,0,0,0
2016-05-24,0,"afternoon",68920,1,1.5,FALSE,999,1,1,0,0,0
2016-05-24,0,"afternoon",68921,1,1.5,FALSE,999,1,1,0,0,0
2016-05-24,0,"afternoon",68926,1,0.666666666666667,FALSE,360,1,1,0,0,0
2016-05-24,0,"afternoon",68927,1,0.666666666666667,FALSE,360,1,1,0,0,0
2016-05-24,0,"afternoon",68928,1,0.666666666666667,FALSE,360,1,1,0,0,0
2016-05-24,0,"afternoon",68929,1,0.666666666666667,FALSE,360,1,1,0,0,0
2016-05-24,0,"afternoon",68930,3,1,FALSE,730,1,1,0,0,0
2016-05-24,0,"afternoon",68931,3,1,FALSE,730,1,1,0,0,0
2016-05-24,0,"afternoon",68932,3,1,FALSE,730,1,1,0,0,0
2016-05-24,0,"afternoon",68933,3,1,FALSE,730,1,1,0,0,0
2016-05-24,0,"afternoon",68934,2,2.16666666666667,TRUE,850,2,1,0,0,0
2016-05-24,0,"afternoon",68935,2,2.16666666666667,TRUE,850,2,1,0,0,0
2016-05-24,0,"afternoon",68936,2,2.16666666666667,TRUE,850,2,1,0,0,0
2016-05-24,0,"afternoon",68937,2,2.16666666666667,TRUE,850,2,1,0,0,0
2016-05-24,0,"afternoon",68942,2,1,FALSE,770,1,1,0,0,0
2016-05-24,0,"afternoon",68943,2,1,FALSE,770,1,1,0,0,0
2016-05-24,0,"afternoon",68944,2,1,FALSE,770,1,1,0,0,0
2016-05-24,0,"afternoon",68945,2,1,FALSE,770,1,1,0,0,0
2016-05-24,0,"afternoon",68954,2,1.91666666666667,TRUE,785,1,1,0,0,0
2016-05-24,0,"afternoon",68955,2,1.91666666666667,TRUE,785,1,1,0,0,0
2016-05-24,0,"afternoon",68956,2,1.91666666666667,TRUE,785,1,1,0,0,0
2016-05-24,0,"afternoon",68957,2,1.91666666666667,TRUE,785,1,1,0,0,0
2016-05-24,0,"afternoon",68966,2,NA,NA,NA,1,1,0,0,0
2016-05-24,0,"afternoon",68967,2,2.58333333333333,TRUE,178,2,2,0,0,0
2016-05-24,0,"afternoon",68968,2,2.58333333333333,TRUE,178,2,2,0,0,0
2016-05-24,0,"afternoon",68969,2,2.58333333333333,TRUE,178,2,2,0,0,0
2016-05-24,0,"afternoon",68970,2,2.58333333333333,TRUE,178,2,2,0,0,0
2016-05-24,0,"afternoon",68975,4,2.75,FALSE,360,1,1,0,0,0
2016-05-24,0,"afternoon",68976,4,2.75,FALSE,360,1,1,0,0,0
2016-05-24,0,"afternoon",68977,4,2.75,FALSE,360,1,1,0,0,0
2016-05-24,0,"afternoon",68978,4,2.75,FALSE,360,1,1,0,0,0
2016-05-24,0,"afternoon",68983,1,1.25,FALSE,360,1,1,0,0,0
2016-05-24,0,"afternoon",68984,1,1.25,FALSE,360,1,1,0,0,0
2016-05-24,0,"afternoon",68985,1,1.25,FALSE,360,1,1,0,0,0
2016-05-24,0,"afternoon",68986,1,1.25,FALSE,360,1,1,0,0,0
2016-05-24,0,"afternoon",68987,1,NA,NA,NA,1,1,0,0,0
2016-05-24,0,"afternoon",68988,3,1.58333333333333,FALSE,999,1,1,0,0,0
2016-05-24,0,"afternoon",68989,3,1.58333333333333,FALSE,999,1,1,0,0,0
2016-05-24,0,"afternoon",68990,3,1.58333333333333,FALSE,999,1,1,0,0,0
2016-05-24,0,"afternoon",68991,3,1.58333333333333,FALSE,999,1,1,0,0,0
2016-05-24,0,"afternoon",68996,2,1,FALSE,360,1,1,0,0,0
2016-05-24,0,"afternoon",68997,2,1,FALSE,360,1,1,0,0,0
2016-05-24,0,"afternoon",68998,2,1,FALSE,360,1,1,0,0,0
2016-05-24,0,"afternoon",68999,2,1,FALSE,360,1,1,0,0,0
2016-05-24,0,"afternoon",69004,2,0.333333333333333,FALSE,999,1,1,0,0,0
2016-05-24,0,"afternoon",69005,2,0.333333333333333,FALSE,999,1,1,0,0,0
2016-05-24,0,"afternoon",69006,2,0.333333333333333,FALSE,999,1,1,0,0,0
2016-05-24,0,"afternoon",69007,2,0.333333333333333,FALSE,999,1,1,0,0,0
2016-05-25,0,"afternoon",69300,3,1,FALSE,999,1,1,0,0,0
2016-05-25,0,"afternoon",69301,3,1,FALSE,999,1,1,0,0,0
2016-05-25,0,"afternoon",69302,3,1,FALSE,999,1,1,0,0,0
2016-05-25,0,"afternoon",69303,3,1,FALSE,999,1,1,0,0,0
2016-05-25,0,"afternoon",69304,5,0.333333333333333,FALSE,999,1,1,0,0,0
2016-05-25,0,"afternoon",69305,5,0.333333333333333,FALSE,999,1,1,0,0,0
2016-05-25,0,"afternoon",69306,5,0.333333333333333,FALSE,999,1,1,0,0,0
2016-05-25,0,"afternoon",69307,5,0.333333333333333,FALSE,999,1,1,0,0,0
2016-05-25,0,"afternoon",69308,2,2.91666666666667,TRUE,999,1,1,0,0,0
2016-05-25,0,"afternoon",69309,2,2.91666666666667,TRUE,999,1,1,0,0,0
2016-05-25,0,"afternoon",69310,2,2.91666666666667,TRUE,999,1,1,0,0,0
2016-05-25,0,"afternoon",69311,2,2.91666666666667,TRUE,999,1,1,0,0,0
2016-05-25,0,"afternoon",69312,1,0.75,FALSE,360,1,1,0,0,0
2016-05-25,0,"afternoon",69313,1,0.75,FALSE,360,1,1,0,0,0
2016-05-25,0,"afternoon",69314,1,0.75,FALSE,360,1,1,0,0,0
2016-05-25,0,"afternoon",69315,1,0.75,FALSE,360,1,1,0,0,0
2016-05-25,0,"afternoon",69316,1,0.25,FALSE,999,1,1,0,0,0
2016-05-25,0,"afternoon",69317,1,0.25,FALSE,999,1,1,0,0,0
2016-05-25,0,"afternoon",69318,1,0.25,FALSE,999,1,1,0,0,0
2016-05-25,0,"afternoon",69319,1,0.25,FALSE,999,1,1,0,0,0
2016-05-25,0,"afternoon",69320,1,0.5,FALSE,178,1,1,0,0,0
2016-05-25,0,"afternoon",69321,1,0.5,FALSE,178,1,1,0,0,0
2016-05-25,0,"afternoon",69322,1,0.5,FALSE,178,1,1,0,0,0
2016-05-25,0,"afternoon",69323,1,0.5,FALSE,178,1,1,0,0,0
2016-05-25,0,"afternoon",69324,1,2,FALSE,850,1,1,0,0,0
2016-05-25,0,"afternoon",69325,1,2,FALSE,850,1,1,0,0,0
2016-05-25,0,"afternoon",69326,1,2,FALSE,850,1,1,0,0,0
2016-05-25,0,"afternoon",69327,1,2,FALSE,850,1,1,0,0,0
2016-05-25,0,"afternoon",69328,2,1,TRUE,999,1,1,0,0,0
2016-05-25,0,"afternoon",69329,2,1,TRUE,999,1,1,0,0,0
2016-05-25,0,"afternoon",69330,2,1,TRUE,999,1,1,0,0,0
2016-05-25,0,"afternoon",69331,2,1,TRUE,999,1,1,0,0,0
2016-05-25,0,"afternoon",69332,4,2.25,FALSE,999,1,1,0,0,0
2016-05-25,0,"afternoon",69333,4,2.25,FALSE,999,1,1,0,0,0
2016-05-25,0,"afternoon",69334,4,2.25,FALSE,999,1,1,0,0,0
2016-05-25,0,"afternoon",69335,4,2.25,FALSE,999,1,1,0,0,0
2016-05-25,0,"afternoon",69336,2,2.08333333333333,FALSE,420,1,1,0,0,0
2016-05-25,0,"afternoon",69337,2,2.08333333333333,FALSE,420,1,1,0,0,0
2016-05-25,0,"afternoon",69338,2,2.08333333333333,FALSE,420,1,1,0,0,0
2016-05-25,0,"afternoon",69339,2,2.08333333333333,FALSE,420,1,1,0,0,0
2016-05-25,0,"afternoon",69340,2,NA,TRUE,NA,1,1,0,0,0
2016-05-25,0,"afternoon",69341,1,1.16666666666667,FALSE,420,1,1,0,0,0
2016-05-25,0,"afternoon",69342,1,1.16666666666667,FALSE,420,1,1,0,0,0
2016-05-25,0,"afternoon",69343,1,1.16666666666667,FALSE,420,1,1,0,0,0
2016-05-25,0,"afternoon",69344,1,1.16666666666667,FALSE,420,1,1,0,0,0
2016-05-25,0,"afternoon",69345,1,1.58333333333333,FALSE,850,1,1,0,0,0
2016-05-25,0,"afternoon",69346,1,1.58333333333333,FALSE,850,1,1,0,0,0
2016-05-25,0,"afternoon",69347,1,1.58333333333333,FALSE,850,1,1,0,0,0
2016-05-25,0,"afternoon",69348,1,1.58333333333333,FALSE,850,1,1,0,0,0
2016-05-25,0,"afternoon",69349,5,NA,FALSE,NA,1,1,0,0,0
2016-05-25,0,"afternoon",69350,2,2.91666666666667,TRUE,730,1,1,0,0,0
2016-05-25,0,"afternoon",69351,2,2.91666666666667,TRUE,730,1,1,0,0,0
2016-05-25,0,"afternoon",69352,2,2.91666666666667,TRUE,730,1,1,0,0,0
2016-05-25,0,"afternoon",69353,2,2.91666666666667,TRUE,730,1,1,0,0,0
2016-05-25,0,"afternoon",69354,1,2.75,FALSE,785,1,1,0,0,0
2016-05-25,0,"afternoon",69355,1,2.75,FALSE,785,1,1,0,0,0
2016-05-25,0,"afternoon",69356,1,2.75,FALSE,785,1,1,0,0,0
2016-05-25,0,"afternoon",69357,1,2.75,FALSE,785,1,1,0,0,0
2016-05-25,0,"afternoon",69358,2,2.58333333333333,FALSE,620,1,1,0,0,0
2016-05-25,0,"afternoon",69359,2,2.58333333333333,FALSE,620,1,1,0,0,0
2016-05-25,0,"afternoon",69360,2,2.58333333333333,FALSE,620,1,1,0,0,0
2016-05-25,0,"afternoon",69361,2,2.58333333333333,FALSE,620,1,1,0,0,0
2016-05-25,0,"afternoon",69362,2,1.66666666666667,FALSE,999,1,1,0,0,0
2016-05-25,0,"afternoon",69363,2,1.66666666666667,FALSE,999,1,1,0,0,0
2016-05-25,0,"afternoon",69364,2,1.66666666666667,FALSE,999,1,1,0,0,0
2016-05-25,0,"afternoon",69365,2,1.66666666666667,FALSE,999,1,1,0,0,0
2016-05-25,0,"afternoon",69366,1,1.83333333333333,FALSE,360,1,1,0,0,0
2016-05-25,0,"afternoon",69367,1,1.83333333333333,FALSE,360,1,1,0,0,0
2016-05-25,0,"afternoon",69368,1,1.83333333333333,FALSE,360,1,1,0,0,0
2016-05-25,0,"afternoon",69369,1,1.83333333333333,FALSE,360,1,1,0,0,0
2016-05-25,0,"afternoon",69370,3,1.91666666666667,FALSE,999,1,1,0,0,0
2016-05-25,0,"afternoon",69371,3,1.91666666666667,FALSE,999,1,1,0,0,0
2016-05-25,0,"afternoon",69372,3,1.91666666666667,FALSE,999,1,1,0,0,0
2016-05-25,0,"afternoon",69373,3,1.91666666666667,FALSE,999,1,1,0,0,0
2016-05-25,0,"afternoon",69374,1,NA,FALSE,NA,1,1,0,0,0
2016-05-25,0,"afternoon",69375,1,1,FALSE,610,1,1,0,0,0
2016-05-25,0,"afternoon",69376,1,1,FALSE,610,1,1,0,0,0
2016-05-25,0,"afternoon",69377,1,1,FALSE,610,1,1,0,0,0
2016-05-25,0,"afternoon",69378,1,1,FALSE,610,1,1,0,0,0
2016-05-25,0,"afternoon",69379,3,3.58333333333333,FALSE,999,1,1,0,0,0
2016-05-25,0,"afternoon",69380,3,3.58333333333333,FALSE,999,1,1,0,0,0
2016-05-25,0,"afternoon",69381,3,3.58333333333333,FALSE,999,1,1,0,0,0
2016-05-25,0,"afternoon",69382,3,3.58333333333333,FALSE,999,1,1,0,0,0
2016-05-25,0,"afternoon",69383,2,2.08333333333333,FALSE,999,1,1,0,0,0
2016-05-25,0,"afternoon",69384,2,2.08333333333333,FALSE,999,1,1,0,0,0
2016-05-25,0,"afternoon",69385,2,2.08333333333333,FALSE,999,1,1,0,0,0
2016-05-25,0,"afternoon",69386,2,2.08333333333333,FALSE,999,1,1,0,0,0
2016-05-25,0,"afternoon",69387,1,2,FALSE,178,1,1,0,0,0
2016-05-25,0,"afternoon",69388,1,2,FALSE,178,1,1,0,0,0
2016-05-25,0,"afternoon",69389,1,2,FALSE,178,1,1,0,0,0
2016-05-25,0,"afternoon",69390,1,2,FALSE,178,1,1,0,0,0
2016-05-25,0,"afternoon",69391,3,1.58333333333333,FALSE,360,1,1,0,0,0
2016-05-25,0,"afternoon",69392,3,1.58333333333333,FALSE,360,1,1,0,0,0
2016-05-25,0,"afternoon",69393,3,1.58333333333333,FALSE,360,1,1,0,0,0
2016-05-25,0,"afternoon",69394,3,1.58333333333333,FALSE,360,1,1,0,0,0
2016-05-25,0,"afternoon",69395,2,1.66666666666667,FALSE,420,1,1,0,0,0
2016-05-25,0,"afternoon",69396,2,1.66666666666667,FALSE,420,1,1,0,0,0
2016-05-25,0,"afternoon",69397,2,1.66666666666667,FALSE,420,1,1,0,0,0
2016-05-25,0,"afternoon",69398,2,1.66666666666667,FALSE,420,1,1,0,0,0
2016-05-25,0,"afternoon",69399,1,3,FALSE,360,1,1,0,0,0
2016-05-25,0,"afternoon",69400,1,3,FALSE,360,1,1,0,0,0
2016-05-25,0,"afternoon",69401,1,3,FALSE,360,1,1,0,0,0
2016-05-25,0,"afternoon",69402,1,3,FALSE,360,1,1,0,0,0
2016-05-26,0,"morning",69403,1,0.666666666666667,FALSE,999,1,1,0,0,0
2016-05-26,0,"morning",69404,1,0.666666666666667,FALSE,999,1,1,0,0,0
2016-05-26,0,"morning",69405,1,0.666666666666667,FALSE,999,1,1,0,0,0
2016-05-26,0,"morning",69406,1,0.666666666666667,FALSE,999,1,1,0,0,0
2016-05-26,0,"morning",69407,1,2.25,FALSE,360,1,1,0,0,0
2016-05-26,0,"morning",69408,1,2.25,FALSE,360,1,1,0,0,0
2016-05-26,0,"morning",69409,1,2.25,FALSE,360,1,1,0,0,0
2016-05-26,0,"morning",69410,1,2.25,FALSE,360,1,1,0,0,0
2016-05-26,0,"morning",69411,1,1,FALSE,999,1,1,0,0,0
2016-05-26,0,"morning",69412,1,1,FALSE,999,1,1,0,0,0
2016-05-26,0,"morning",69413,1,1,FALSE,999,1,1,0,0,0
2016-05-26,0,"morning",69414,1,1,FALSE,999,1,1,0,0,0
2016-05-26,0,"morning",69415,1,2.08333333333333,FALSE,770,1,1,0,0,0
2016-05-26,0,"morning",69416,1,2.08333333333333,FALSE,770,1,1,0,0,0
2016-05-26,0,"morning",69417,1,2.08333333333333,FALSE,770,1,1,0,0,0
2016-05-26,0,"morning",69418,1,2.08333333333333,FALSE,770,1,1,0,0,0
2016-05-26,0,"morning",69419,1,2,TRUE,360,1,1,0,0,0
2016-05-26,0,"morning",69420,1,2,TRUE,360,1,1,0,0,0
2016-05-26,0,"morning",69421,1,2,TRUE,360,1,1,0,0,0
2016-05-26,0,"morning",69422,1,2,TRUE,360,1,1,0,0,0
2016-05-26,0,"morning",69423,1,0.833333333333333,TRUE,NA,1,1,0,0,0
2016-05-26,0,"morning",69424,1,0.5,TRUE,730,1,1,0,0,0
2016-05-26,0,"morning",69425,1,0.5,TRUE,730,1,1,0,0,0
2016-05-26,0,"morning",69426,1,0.5,TRUE,730,1,1,0,0,0
2016-05-26,0,"morning",69427,1,0.5,TRUE,730,1,1,0,0,0
2016-05-26,0,"morning",69428,2,0.916666666666667,FALSE,360,1,1,0,0,0
2016-05-26,0,"morning",69429,2,0.916666666666667,FALSE,360,1,1,0,0,0
2016-05-26,0,"morning",69430,2,0.916666666666667,FALSE,360,1,1,0,0,0
2016-05-26,0,"morning",69431,2,0.916666666666667,FALSE,360,1,1,0,0,0
2016-05-26,0,"morning",69432,3,1,FALSE,999,1,1,0,0,0
2016-05-26,0,"morning",69433,3,1,FALSE,999,1,1,0,0,0
2016-05-26,0,"morning",69434,3,1,FALSE,999,1,1,0,0,0
2016-05-26,0,"morning",69435,3,1,FALSE,999,1,1,0,0,0
2016-05-26,0,"morning",69436,1,1,FALSE,999,1,1,0,0,0
2016-05-26,0,"morning",69437,1,1,FALSE,999,1,1,0,0,0
2016-05-26,0,"morning",69438,1,1,FALSE,999,1,1,0,0,0
2016-05-26,0,"morning",69439,1,1,FALSE,999,1,1,0,0,0
2016-05-28,0,"afternoon",70013,1,3.08333333333333,TRUE,770,2,1,0,0,0
2016-05-28,0,"afternoon",70014,1,3.08333333333333,TRUE,770,2,1,0,0,0
2016-05-28,0,"afternoon",70015,1,3.08333333333333,TRUE,770,2,1,0,0,0
2016-05-28,0,"afternoon",70016,1,3.08333333333333,TRUE,770,2,1,0,0,0
2016-05-28,0,"afternoon",70017,1,2.25,FALSE,360,1,1,0,0,0
2016-05-28,0,"afternoon",70018,1,2.25,FALSE,360,1,1,0,0,0
2016-05-28,0,"afternoon",70019,1,2.25,FALSE,360,1,1,0,0,0
2016-05-28,0,"afternoon",70020,1,2.25,FALSE,360,1,1,0,0,0
2016-05-28,0,"afternoon",70021,2,4.08333333333333,FALSE,360,1,1,0,0,0
2016-05-28,0,"afternoon",70022,2,4.08333333333333,FALSE,360,1,1,0,0,0
2016-05-28,0,"afternoon",70023,2,4.08333333333333,FALSE,360,1,1,0,0,0
2016-05-28,0,"afternoon",70024,2,4.08333333333333,FALSE,360,1,1,0,0,0
2016-05-28,0,"afternoon",70025,2,3.83333333333333,FALSE,999,1,1,0,0,0
2016-05-28,0,"afternoon",70026,2,3.83333333333333,FALSE,999,1,1,0,0,0
2016-05-28,0,"afternoon",70027,2,3.83333333333333,FALSE,999,1,1,0,0,0
2016-05-28,0,"afternoon",70028,2,3.83333333333333,FALSE,999,1,1,0,0,0
2016-05-28,0,"afternoon",70029,2,3.08333333333333,FALSE,999,1,1,0,0,0
2016-05-28,0,"afternoon",70030,2,3.08333333333333,FALSE,999,1,1,0,0,0
2016-05-28,0,"afternoon",70031,2,3.08333333333333,FALSE,999,1,1,0,0,0
2016-05-28,0,"afternoon",70032,2,3.08333333333333,FALSE,999,1,1,0,0,0
2016-05-28,0,"afternoon",70033,2,1.75,FALSE,360,1,1,0,0,0
2016-05-28,0,"afternoon",70034,2,1.75,FALSE,360,1,1,0,0,0
2016-05-28,0,"afternoon",70035,2,1.75,FALSE,360,1,1,0,0,0
2016-05-28,0,"afternoon",70036,2,1.75,FALSE,360,1,1,0,0,0
2016-05-28,0,"afternoon",70037,1,1,TRUE,785,1,1,0,0,0
2016-05-28,0,"afternoon",70038,1,1,TRUE,785,1,1,0,0,0
2016-05-28,0,"afternoon",70039,1,1,TRUE,785,1,1,0,0,0
2016-05-28,0,"afternoon",70040,1,1,TRUE,785,1,1,0,0,0
2016-05-28,0,"afternoon",70041,3,1,FALSE,999,1,1,0,0,0
2016-05-28,0,"afternoon",70042,3,1,FALSE,999,1,1,0,0,0
2016-05-28,0,"afternoon",70043,3,1,FALSE,999,1,1,0,0,0
2016-05-28,0,"afternoon",70044,3,1,FALSE,999,1,1,0,0,0
2016-05-28,0,"afternoon",70045,3,3.83333333333333,FALSE,178,1,1,0,0,0
2016-05-28,0,"afternoon",70046,3,3.83333333333333,FALSE,178,1,1,0,0,0
2016-05-28,0,"afternoon",70047,3,3.83333333333333,FALSE,178,1,1,0,0,0
2016-05-28,0,"afternoon",70048,3,3.83333333333333,FALSE,178,1,1,0,0,0
2016-05-28,0,"afternoon",70049,2,6.5,FALSE,360,1,1,0,0,0
2016-05-28,0,"afternoon",70050,2,6.5,FALSE,360,1,1,0,0,0
2016-05-28,0,"afternoon",70051,2,6.5,FALSE,360,1,1,0,0,0
2016-05-28,0,"afternoon",70052,2,6.5,FALSE,360,1,1,0,0,0
2016-05-28,0,"afternoon",70053,3,1.06666666666667,FALSE,999,1,1,0,0,0
2016-05-28,0,"afternoon",70054,3,1.06666666666667,FALSE,999,1,1,0,0,0
2016-05-28,0,"afternoon",70055,3,1.06666666666667,FALSE,999,1,1,0,0,0
2016-05-28,0,"afternoon",70056,3,1.06666666666667,FALSE,999,1,1,0,0,0
2016-05-28,0,"afternoon",70057,8,0.5,FALSE,999,1,1,0,0,0
2016-05-28,0,"afternoon",70058,8,0.5,FALSE,999,1,1,0,0,0
2016-05-28,0,"afternoon",70059,8,0.5,FALSE,999,1,1,0,0,0
2016-05-28,0,"afternoon",70060,8,0.5,FALSE,999,1,1,0,0,0
2016-05-28,0,"afternoon",70061,2,7.25,FALSE,999,1,1,0,0,0
2016-05-28,0,"afternoon",70062,2,7.25,FALSE,999,1,1,0,0,0
2016-05-28,0,"afternoon",70063,2,7.25,FALSE,999,1,1,0,0,0
2016-05-28,0,"afternoon",70064,2,7.25,FALSE,999,1,1,0,0,0
2016-05-28,0,"afternoon",70065,4,3.5,FALSE,999,1,1,0,0,0
2016-05-28,0,"afternoon",70066,4,3.5,FALSE,999,1,1,0,0,0
2016-05-28,0,"afternoon",70067,4,3.5,FALSE,999,1,1,0,0,0
2016-05-28,0,"afternoon",70068,4,3.5,FALSE,999,1,1,0,0,0
2016-05-28,0,"afternoon",70069,2,0.5,FALSE,999,1,1,0,0,0
2016-05-28,0,"afternoon",70070,2,0.5,FALSE,999,1,1,0,0,0
2016-05-28,0,"afternoon",70071,2,0.5,FALSE,999,1,1,0,0,0
2016-05-28,0,"afternoon",70072,2,0.5,FALSE,999,1,1,0,0,0
2016-05-28,0,"afternoon",70073,1,0.5,FALSE,999,1,1,0,0,0
2016-05-28,0,"afternoon",70074,1,0.5,FALSE,999,1,1,0,0,0
2016-05-28,0,"afternoon",70075,1,0.5,FALSE,999,1,1,0,0,0
2016-05-28,0,"afternoon",70076,1,0.5,FALSE,999,1,1,0,0,0
2016-05-28,0,"afternoon",70077,2,5.33333333333333,FALSE,850,1,1,0,0,0
2016-05-28,0,"afternoon",70078,2,5.33333333333333,FALSE,850,1,1,0,0,0
2016-05-28,0,"afternoon",70079,2,5.33333333333333,FALSE,850,1,1,0,0,0
2016-05-28,0,"afternoon",70080,2,5.33333333333333,FALSE,850,1,1,0,0,0
2016-05-28,0,"afternoon",70081,4,2,FALSE,999,1,1,0,0,0
2016-05-28,0,"afternoon",70082,4,2,FALSE,999,1,1,0,0,0
2016-05-28,0,"afternoon",70083,4,2,FALSE,999,1,1,0,0,0
2016-05-28,0,"afternoon",70084,4,2,FALSE,999,1,1,0,0,0
2016-05-28,0,"afternoon",70085,2,NA,FALSE,NA,1,1,0,0,0
2016-05-28,0,"afternoon",70086,4,2.75,FALSE,999,1,1,0,0,0
2016-05-28,0,"afternoon",70087,4,2.75,FALSE,999,1,1,0,0,0
2016-05-28,0,"afternoon",70088,4,2.75,FALSE,999,1,1,0,0,0
2016-05-28,0,"afternoon",70089,4,2.75,FALSE,999,1,1,0,0,0
2016-05-28,0,"afternoon",70090,1,2.83333333333333,FALSE,999,1,1,0,0,0
2016-05-28,0,"afternoon",70091,1,2.83333333333333,FALSE,999,1,1,0,0,0
2016-05-28,0,"afternoon",70092,1,2.83333333333333,FALSE,999,1,1,0,0,0
2016-05-28,0,"afternoon",70093,1,2.83333333333333,FALSE,999,1,1,0,0,0
2016-05-28,0,"afternoon",70094,2,3,FALSE,999,1,1,0,0,0
2016-05-28,0,"afternoon",70095,2,3,FALSE,999,1,1,0,0,0
2016-05-28,0,"afternoon",70096,2,3,FALSE,999,1,1,0,0,0
2016-05-28,0,"afternoon",70097,2,3,FALSE,999,1,1,0,0,0
2016-05-28,0,"afternoon",70098,3,1.5,TRUE,850,1,1,0,0,0
2016-05-28,0,"afternoon",70099,3,1.5,TRUE,850,1,1,0,0,0
2016-05-28,0,"afternoon",70100,3,1.5,TRUE,850,1,1,0,0,0
2016-05-28,0,"afternoon",70101,3,1.5,TRUE,850,1,1,0,0,0
2016-05-28,0,"afternoon",70102,2,2.5,FALSE,360,1,1,0,0,0
2016-05-28,0,"afternoon",70103,2,2.5,FALSE,360,1,1,0,0,0
2016-05-28,0,"afternoon",70104,2,2.5,FALSE,360,1,1,0,0,0
2016-05-28,0,"afternoon",70105,2,2.5,FALSE,360,1,1,0,0,0
2016-05-29,0,"morning",70106,1,1.08333333333333,FALSE,NA,1,1,0,0,0
2016-05-29,0,"morning",70107,1,1.41666666666667,FALSE,770,2,1,0,0,0
2016-05-29,0,"morning",70108,1,1.41666666666667,FALSE,770,2,1,0,0,0
2016-05-29,0,"morning",70109,1,1.41666666666667,FALSE,770,2,1,0,0,0
2016-05-29,0,"morning",70110,1,1.41666666666667,FALSE,770,2,1,0,0,0
2016-05-29,0,"morning",70111,2,1.58333333333333,FALSE,770,1,1,0,0,0
2016-05-29,0,"morning",70112,2,1.58333333333333,FALSE,770,1,1,0,0,0
2016-05-29,0,"morning",70113,2,1.58333333333333,FALSE,770,1,1,0,0,0
2016-05-29,0,"morning",70114,2,1.58333333333333,FALSE,770,1,1,0,0,0
2016-05-29,0,"morning",70115,1,2.73333333333333,FALSE,999,1,1,0,0,0
2016-05-29,0,"morning",70116,1,2.73333333333333,FALSE,999,1,1,0,0,0
2016-05-29,0,"morning",70117,1,2.73333333333333,FALSE,999,1,1,0,0,0
2016-05-29,0,"morning",70118,1,2.73333333333333,FALSE,999,1,1,0,0,0
2016-05-29,0,"morning",70119,2,0.833333333333333,FALSE,770,1,1,0,0,0
2016-05-29,0,"morning",70120,2,0.833333333333333,FALSE,770,1,1,0,0,0
2016-05-29,0,"morning",70121,2,0.833333333333333,FALSE,770,1,1,0,0,0
2016-05-29,0,"morning",70122,2,0.833333333333333,FALSE,770,1,1,0,0,0
2016-05-29,0,"morning",70123,1,1.75,FALSE,770,1,1,0,0,0
2016-05-29,0,"morning",70124,1,1.75,FALSE,770,1,1,0,0,0
2016-05-29,0,"morning",70125,1,1.75,FALSE,770,1,1,0,0,0
2016-05-29,0,"morning",70126,1,1.75,FALSE,770,1,1,0,0,0
2016-05-29,0,"morning",70127,4,3.35,FALSE,360,1,1,0,0,0
2016-05-29,0,"morning",70128,4,3.35,FALSE,360,1,1,0,0,0
2016-05-29,0,"morning",70129,4,3.35,FALSE,360,1,1,0,0,0
2016-05-29,0,"morning",70130,4,3.35,FALSE,360,1,1,0,0,0
2016-05-29,0,"morning",70131,2,1.2,FALSE,850,1,1,0,0,0
2016-05-29,0,"morning",70132,2,1.2,FALSE,850,1,1,0,0,0
2016-05-29,0,"morning",70133,2,1.2,FALSE,850,1,1,0,0,0
2016-05-29,0,"morning",70134,2,1.2,FALSE,850,1,1,0,0,0
2016-05-29,0,"morning",70135,1,4.76666666666667,FALSE,360,1,1,0,0,0
2016-05-29,0,"morning",70136,1,4.76666666666667,FALSE,360,1,1,0,0,0
2016-05-29,0,"morning",70137,1,4.76666666666667,FALSE,360,1,1,0,0,0
2016-05-29,0,"morning",70138,1,4.76666666666667,FALSE,360,1,1,0,0,0
2016-05-29,0,"morning",70139,2,0.75,FALSE,610,1,1,0,0,0
2016-05-29,0,"morning",70140,2,0.75,FALSE,610,1,1,0,0,0
2016-05-29,0,"morning",70141,2,0.75,FALSE,610,1,1,0,0,0
2016-05-29,0,"morning",70142,2,0.75,FALSE,610,1,1,0,0,0
2016-05-29,0,"morning",70143,1,1,FALSE,999,1,1,0,0,0
2016-05-29,0,"morning",70144,1,1,FALSE,999,1,1,0,0,0
2016-05-29,0,"morning",70145,1,1,FALSE,999,1,1,0,0,0
2016-05-29,0,"morning",70146,1,1,FALSE,999,1,1,0,0,0
2016-05-29,0,"morning",70147,2,1.91666666666667,FALSE,360,1,1,0,0,0
2016-05-29,0,"morning",70148,2,1.91666666666667,FALSE,360,1,1,0,0,0
2016-05-29,0,"morning",70149,2,1.91666666666667,FALSE,360,1,1,0,0,0
2016-05-29,0,"morning",70150,2,1.91666666666667,FALSE,360,1,1,0,0,0
2016-05-29,0,"morning",70151,2,1,FALSE,360,1,1,0,0,0
2016-05-29,0,"morning",70152,2,1,FALSE,360,1,1,0,0,0
2016-05-29,0,"morning",70153,2,1,FALSE,360,1,1,0,0,0
2016-05-29,0,"morning",70154,2,1,FALSE,360,1,1,0,0,0
2016-05-29,0,"morning",70155,1,3.16666666666667,FALSE,360,1,1,0,0,0
2016-05-29,0,"morning",70156,1,3.16666666666667,FALSE,360,1,1,0,0,0
2016-05-29,0,"morning",70157,1,3.16666666666667,FALSE,360,1,1,0,0,0
2016-05-29,0,"morning",70158,1,3.16666666666667,FALSE,360,1,1,0,0,0
2016-05-29,0,"morning",70159,1,1.83333333333333,FALSE,360,1,1,0,0,0
2016-05-29,0,"morning",70160,1,1.83333333333333,FALSE,360,1,1,0,0,0
2016-05-29,0,"morning",70161,1,1.83333333333333,FALSE,360,1,1,0,0,0
2016-05-29,0,"morning",70162,1,1.83333333333333,FALSE,360,1,1,0,0,0
2016-05-29,0,"morning",70163,2,1.66666666666667,FALSE,360,1,1,0,0,0
2016-05-29,0,"morning",70164,2,1.66666666666667,FALSE,360,1,1,0,0,0
2016-05-29,0,"morning",70165,2,1.66666666666667,FALSE,360,1,1,0,0,0
2016-05-29,0,"morning",70166,2,1.66666666666667,FALSE,360,1,1,0,0,0
2016-05-29,0,"morning",70167,2,0.5,FALSE,850,1,1,0,0,0
2016-05-29,0,"morning",70168,2,0.5,FALSE,850,1,1,0,0,0
2016-05-29,0,"morning",70169,2,0.5,FALSE,850,1,1,0,0,0
2016-05-29,0,"morning",70170,2,0.5,FALSE,850,1,1,0,0,0
2016-05-29,0,"morning",70171,3,2.58333333333333,FALSE,999,1,1,0,0,0
2016-05-29,0,"morning",70172,3,2.58333333333333,FALSE,999,1,1,0,0,0
2016-05-29,0,"morning",70173,3,2.58333333333333,FALSE,999,1,1,0,0,0
2016-05-29,0,"morning",70174,3,2.58333333333333,FALSE,999,1,1,0,0,0
2016-05-29,0,"morning",70175,3,1.41666666666667,FALSE,785,1,1,0,0,0
2016-05-29,0,"morning",70176,3,1.41666666666667,FALSE,785,1,1,0,0,0
2016-05-29,0,"morning",70177,3,1.41666666666667,FALSE,785,1,1,0,0,0
2016-05-29,0,"morning",70178,3,1.41666666666667,FALSE,785,1,1,0,0,0
2016-05-29,0,"morning",70179,1,0.333333333333333,FALSE,770,1,1,0,0,0
2016-05-29,0,"morning",70180,1,0.333333333333333,FALSE,770,1,1,0,0,0
2016-05-29,0,"morning",70181,1,0.333333333333333,FALSE,770,1,1,0,0,0
2016-05-29,0,"morning",70182,1,0.333333333333333,FALSE,770,1,1,0,0,0
2016-05-31,0,"afternoon",70401,1,1.91666666666667,TRUE,785,2,1,0,0,0
2016-05-31,0,"afternoon",70402,1,1.91666666666667,TRUE,785,2,1,0,0,0
2016-05-31,0,"afternoon",70403,1,1.91666666666667,TRUE,785,2,1,0,0,0
2016-05-31,0,"afternoon",70404,1,1.91666666666667,TRUE,785,2,1,0,0,0
2016-05-31,0,"afternoon",70405,2,2.1,FALSE,360,1,1,0,0,0
2016-05-31,0,"afternoon",70406,2,2.1,FALSE,360,1,1,0,0,0
2016-05-31,0,"afternoon",70407,2,2.1,FALSE,360,1,1,0,0,0
2016-05-31,0,"afternoon",70408,2,2.1,FALSE,360,1,1,0,0,0
2016-05-31,0,"afternoon",70409,1,0.933333333333333,FALSE,770,1,1,0,0,0
2016-05-31,0,"afternoon",70410,1,0.933333333333333,FALSE,770,1,1,0,0,0
2016-05-31,0,"afternoon",70411,1,0.933333333333333,FALSE,770,1,1,0,0,0
2016-05-31,0,"afternoon",70412,1,0.933333333333333,FALSE,770,1,1,0,0,0
2016-05-31,0,"afternoon",70413,2,1.25,FALSE,999,1,1,0,0,0
2016-05-31,0,"afternoon",70414,2,1.25,FALSE,999,1,1,0,0,0
2016-05-31,0,"afternoon",70415,2,1.25,FALSE,999,1,1,0,0,0
2016-05-31,0,"afternoon",70416,2,1.25,FALSE,999,1,1,0,0,0
2016-05-31,0,"afternoon",70417,2,3.75,TRUE,850,2,1,0,0,0
2016-05-31,0,"afternoon",70418,2,3.75,TRUE,850,2,1,0,0,0
2016-05-31,0,"afternoon",70419,2,3.75,TRUE,850,2,1,0,0,0
2016-05-31,0,"afternoon",70420,2,3.75,TRUE,850,2,1,0,0,0
2016-05-31,0,"afternoon",70421,2,1.25,FALSE,360,1,1,0,0,0
2016-05-31,0,"afternoon",70422,2,1.25,FALSE,360,1,1,0,0,0
2016-05-31,0,"afternoon",70423,2,1.25,FALSE,360,1,1,0,0,0
2016-05-31,0,"afternoon",70424,2,1.25,FALSE,360,1,1,0,0,0
2016-05-31,0,"afternoon",70425,2,1.33333333333333,FALSE,360,1,1,0,0,0
2016-05-31,0,"afternoon",70426,2,1.33333333333333,FALSE,360,1,1,0,0,0
2016-05-31,0,"afternoon",70427,2,1.33333333333333,FALSE,360,1,1,0,0,0
2016-05-31,0,"afternoon",70428,2,1.33333333333333,FALSE,360,1,1,0,0,0
2016-05-31,0,"afternoon",70429,3,0.916666666666667,FALSE,999,1,1,0,0,0
2016-05-31,0,"afternoon",70430,3,0.916666666666667,FALSE,999,1,1,0,0,0
2016-05-31,0,"afternoon",70431,3,0.916666666666667,FALSE,999,1,1,0,0,0
2016-05-31,0,"afternoon",70432,3,0.916666666666667,FALSE,999,1,1,0,0,0
2016-05-31,0,"afternoon",70433,2,1.33333333333333,FALSE,999,1,1,0,0,0
2016-05-31,0,"afternoon",70434,2,1.33333333333333,FALSE,999,1,1,0,0,0
2016-05-31,0,"afternoon",70435,2,1.33333333333333,FALSE,999,1,1,0,0,0
2016-05-31,0,"afternoon",70436,2,1.33333333333333,FALSE,999,1,1,0,0,0
2016-05-31,0,"afternoon",70437,1,1.58333333333333,FALSE,178,1,1,0,0,0
2016-05-31,0,"afternoon",70438,1,1.58333333333333,FALSE,178,1,1,0,0,0
2016-05-31,0,"afternoon",70439,1,1.58333333333333,FALSE,178,1,1,0,0,0
2016-05-31,0,"afternoon",70440,1,1.58333333333333,FALSE,178,1,1,0,0,0
2016-05-31,0,"afternoon",70441,1,0.75,FALSE,999,1,1,0,0,0
2016-05-31,0,"afternoon",70442,1,0.75,FALSE,999,1,1,0,0,0
2016-05-31,0,"afternoon",70443,1,0.75,FALSE,999,1,1,0,0,0
2016-05-31,0,"afternoon",70444,1,0.75,FALSE,999,1,1,0,0,0
2016-05-31,0,"afternoon",70445,2,0.5,FALSE,730,1,1,0,0,0
2016-05-31,0,"afternoon",70446,2,0.5,FALSE,730,1,1,0,0,0
2016-05-31,0,"afternoon",70447,2,0.5,FALSE,730,1,1,0,0,0
2016-05-31,0,"afternoon",70448,2,0.5,FALSE,730,1,1,0,0,0
2016-05-31,0,"afternoon",70449,1,5.41666666666667,TRUE,850,1,1,0,0,0
2016-05-31,0,"afternoon",70450,1,5.41666666666667,TRUE,850,1,1,0,0,0
2016-05-31,0,"afternoon",70451,1,5.41666666666667,TRUE,850,1,1,0,0,0
2016-05-31,0,"afternoon",70452,1,5.41666666666667,TRUE,850,1,1,0,0,0
2016-05-31,0,"afternoon",70453,1,0.75,FALSE,999,1,1,0,0,0
2016-05-31,0,"afternoon",70454,1,0.75,FALSE,999,1,1,0,0,0
2016-05-31,0,"afternoon",70455,1,0.75,FALSE,999,1,1,0,0,0
2016-05-31,0,"afternoon",70456,1,0.75,FALSE,999,1,1,0,0,0
2016-05-31,0,"afternoon",70457,2,0.5,FALSE,850,1,1,0,0,0
2016-05-31,0,"afternoon",70458,2,0.5,FALSE,850,1,1,0,0,0
2016-05-31,0,"afternoon",70459,2,0.5,FALSE,850,1,1,0,0,0
2016-05-31,0,"afternoon",70460,2,0.5,FALSE,850,1,1,0,0,0
2016-05-31,0,"afternoon",70461,2,0.75,FALSE,999,1,1,0,0,0
2016-05-31,0,"afternoon",70462,2,0.75,FALSE,999,1,1,0,0,0
2016-05-31,0,"afternoon",70463,2,0.75,FALSE,999,1,1,0,0,0
2016-05-31,0,"afternoon",70464,2,0.75,FALSE,999,1,1,0,0,0
