date,sunrise,sunset
2025-07-01,05:45,20:45
2025-07-02,05:45,20:45
2025-07-03,05:46,20:44
2025-07-04,05:46,20:44
2025-07-05,05:47,20:43
2025-07-06,05:47,20:43
2025-07-07,05:48,20:42
2025-07-08,05:48,20:42
2025-07-09,05:49,20:41
2025-07-10,05:49,20:41
2025-07-11,05:50,20:40
2025-07-12,05:50,20:40
2025-07-13,05:51,20:39
2025-07-14,05:51,20:39
2025-07-15,05:52,20:38
2025-07-16,05:52,20:38
2025-07-17,05:53,20:37
2025-07-18,05:53,20:37
2025-07-19,05:54,20:36
2025-07-20,05:54,20:36
2025-07-21,05:55,20:35
2025-07-22,05:55,20:35
2025-07-23,05:56,20:34
2025-07-24,05:56,20:34
2025-07-25,05:57,20:33
